This is pdfTeX, Version 3.141592653-2.6-1.40.29 (MiKTeX 26.5) (preloaded format=pdflatex 2026.5.17)  21 AUG 2026 12:03
entering extended mode
 restricted \write18 enabled.
 file:line:error style messages enabled.
 %&-line parsing enabled.
**./Napkin.tex
(Napkin.tex
LaTeX2e <2025-11-01>
L3 programming layer <2026-03-20>

(C:\Users\Floris\AppData\Local\Programs\MiKTeX\tex/latex/koma-script\scrbook.cl
s
Document Class: scrbook 2026/02/02 v3.49.2 KOMA-Script document class (book)

(C:\Users\Floris\AppData\Local\Programs\MiKTeX\tex/latex/koma-script\scrkbase.s
ty
Package: scrkbase 2026/02/02 v3.49.2 KOMA-Script package (KOMA-Script-dependent
 basics and keyval usage)

(C:\Users\Floris\AppData\Local\Programs\MiKTeX\tex/latex/koma-script\scrbase.st
y
Package: scrbase 2026/02/02 v3.49.2 KOMA-Script package (KOMA-Script-independen
t basics and keyval usage)

(C:\Users\Floris\AppData\Local\Programs\MiKTeX\tex/latex/koma-script\scrlfile.s
ty
Package: scrlfile 2026/02/02 v3.49.2 KOMA-Script package (file load hooks)

(C:\Users\Floris\AppData\Local\Programs\MiKTeX\tex/latex/koma-script\scrlfile-h
ook.sty
Package: scrlfile-hook 2026/02/02 v3.49.2 KOMA-Script package (using LaTeX hook
s)

(C:\Users\Floris\AppData\Local\Programs\MiKTeX\tex/latex/koma-script\scrlogo.st
y
Package: scrlogo 2026/02/02 v3.49.2 KOMA-Script package (logo)
)))
(C:\Users\Floris\AppData\Local\Programs\MiKTeX\tex/latex/graphics\keyval.sty
Package: keyval 2022/05/29 v1.15 key=value parser (DPC)
\KV@toks@=\toks17
)
Applying: [2021/05/01] Usage of raw or classic option list on input line 254.
Already applied: [0000/00/00] Usage of raw or classic option list on input line
 370.
))
(C:\Users\Floris\AppData\Local\Programs\MiKTeX\tex/latex/koma-script\tocbasic.s
ty
Package: tocbasic 2026/02/02 v3.49.2 KOMA-Script package (handling toc-files)
\scr@dte@tocline@numberwidth=\skip49
\scr@dte@tocline@numbox=\box53
)
Package tocbasic Info: omitting babel extension for `toc'
(tocbasic)             because of feature `nobabel' available
(tocbasic)             for `toc' on input line 143.
Package scrbook Info: You've used standard option `11pt'.
(scrbook)             This is correct!
(scrbook)             Internally I'm using `fontsize=11pt'.
(scrbook)             If you'd like to set the option with \KOMAoptions,
(scrbook)             you'd have to use `fontsize=11pt' there
(scrbook)             instead of `11pt', too.
Class scrbook Info: You've used standard option `openright'.
(scrbook)           This is correct!
(scrbook)           Internally I'm using `open=right'.
(scrbook)           If you'd like to set the option with \KOMAoptions,
(scrbook)           you'd have to use `open=right' there
(scrbook)           instead of `openright', too.
Class scrbook Info: File `scrsize11pt.clo' used to setup font sizes on input li
ne 2713.

(C:\Users\Floris\AppData\Local\Programs\MiKTeX\tex/latex/koma-script\scrsize11p
t.clo
File: scrsize11pt.clo 2026/02/02 v3.49.2 KOMA-Script font size class option (11
pt)
)
(C:\Users\Floris\AppData\Local\Programs\MiKTeX\tex/latex/koma-script\typearea.s
ty
Package: typearea 2026/02/02 v3.49.2 KOMA-Script package (type area)
\ta@bcor=\skip50
\ta@div=\count275
\ta@hblk=\skip51
\ta@vblk=\skip52
\ta@temp=\skip53
\footheight=\skip54
Package typearea Info: These are the values describing the layout:
(typearea)             DIV  = 10
(typearea)             BCOR = 0.0pt
(typearea)             \paperwidth      = 597.50793pt
(typearea)              \textwidth      = 418.25555pt
(typearea)              DIV departure   = -6%
(typearea)              \evensidemargin = 17.3562pt
(typearea)              \oddsidemargin  = 17.3562pt
(typearea)             \paperheight     = 845.04694pt
(typearea)              \textheight     = 595.80026pt
(typearea)              \topmargin      = -25.16531pt
(typearea)              \headheight     = 17.0pt
(typearea)              \headsep        = 20.40001pt
(typearea)              \topskip        = 11.0pt
(typearea)              \footskip       = 47.6pt
(typearea)              \baselineskip   = 13.6pt
(typearea)              on input line 1810.
)
\c@part=\count276
\c@chapter=\count277
\c@section=\count278
\c@subsection=\count279
\c@subsubsection=\count280
\c@paragraph=\count281
\c@subparagraph=\count282
\scr@dte@chapter@maxnumwidth=\skip55
Class scrbook Info: using compatibility default `afterindent=bysign'
(scrbook)           for `\chapter on input line 5945.
\scr@dte@section@maxnumwidth=\skip56
Class scrbook Info: using compatibility default `runin=bysign'
(scrbook)           for `\section on input line 5956.
Class scrbook Info: using compatibility default `afterindent=bysign'
(scrbook)           for `\section on input line 5956.
\scr@dte@part@maxnumwidth=\skip57
Class scrbook Info: using compatibility default `afterindent=true'
(scrbook)           for `\part on input line 5965.
\scr@dte@subsection@maxnumwidth=\skip58
Class scrbook Info: using compatibility default `runin=bysign'
(scrbook)           for `\subsection on input line 5975.
Class scrbook Info: using compatibility default `afterindent=bysign'
(scrbook)           for `\subsection on input line 5975.
\scr@dte@subsubsection@maxnumwidth=\skip59
Class scrbook Info: using compatibility default `runin=bysign'
(scrbook)           for `\subsubsection on input line 5985.
Class scrbook Info: using compatibility default `afterindent=bysign'
(scrbook)           for `\subsubsection on input line 5985.
\scr@dte@paragraph@maxnumwidth=\skip60
Class scrbook Info: using compatibility default `runin=bysign'
(scrbook)           for `\paragraph on input line 5996.
Class scrbook Info: using compatibility default `afterindent=bysign'
(scrbook)           for `\paragraph on input line 5996.
\scr@dte@subparagraph@maxnumwidth=\skip61
Class scrbook Info: using compatibility default `runin=bysign'
(scrbook)           for `\subparagraph on input line 6006.
Class scrbook Info: using compatibility default `afterindent=bysign'
(scrbook)           for `\subparagraph on input line 6006.
\abovecaptionskip=\skip62
\belowcaptionskip=\skip63
\c@pti@nb@sid@b@x=\box54
Package tocbasic Info: omitting babel extension for `lof'
(tocbasic)             because of feature `nobabel' available
(tocbasic)             for `lof' on input line 7242.
\scr@dte@figure@maxnumwidth=\skip64
\c@figure=\count283
Package tocbasic Info: omitting babel extension for `lot'
(tocbasic)             because of feature `nobabel' available
(tocbasic)             for `lot' on input line 7255.
\scr@dte@table@maxnumwidth=\skip65
\c@table=\count284
Class scrbook Info: Redefining `\numberline' on input line 7426.
\bibindent=\dimen150
) (tex/preamble.tex
(C:\Users\Floris\AppData\Local\Programs\MiKTeX\tex/latex/lm\lmodern.sty
Package: lmodern 2015/05/01 v1.6.1 Latin Modern Fonts
LaTeX Font Info:    Overwriting symbol font `operators' in version `normal'
(Font)                  OT1/cmr/m/n --> OT1/lmr/m/n on input line 22.
LaTeX Font Info:    Overwriting symbol font `letters' in version `normal'
(Font)                  OML/cmm/m/it --> OML/lmm/m/it on input line 23.
LaTeX Font Info:    Overwriting symbol font `symbols' in version `normal'
(Font)                  OMS/cmsy/m/n --> OMS/lmsy/m/n on input line 24.
LaTeX Font Info:    Overwriting symbol font `largesymbols' in version `normal'
(Font)                  OMX/cmex/m/n --> OMX/lmex/m/n on input line 25.
LaTeX Font Info:    Overwriting symbol font `operators' in version `bold'
(Font)                  OT1/cmr/bx/n --> OT1/lmr/bx/n on input line 26.
LaTeX Font Info:    Overwriting symbol font `letters' in version `bold'
(Font)                  OML/cmm/b/it --> OML/lmm/b/it on input line 27.
LaTeX Font Info:    Overwriting symbol font `symbols' in version `bold'
(Font)                  OMS/cmsy/b/n --> OMS/lmsy/b/n on input line 28.
LaTeX Font Info:    Overwriting symbol font `largesymbols' in version `bold'
(Font)                  OMX/cmex/m/n --> OMX/lmex/m/n on input line 29.
LaTeX Font Info:    Overwriting math alphabet `\mathbf' in version `normal'
(Font)                  OT1/cmr/bx/n --> OT1/lmr/bx/n on input line 31.
LaTeX Font Info:    Overwriting math alphabet `\mathsf' in version `normal'
(Font)                  OT1/cmss/m/n --> OT1/lmss/m/n on input line 32.
LaTeX Font Info:    Overwriting math alphabet `\mathit' in version `normal'
(Font)                  OT1/cmr/m/it --> OT1/lmr/m/it on input line 33.
LaTeX Font Info:    Overwriting math alphabet `\mathtt' in version `normal'
(Font)                  OT1/cmtt/m/n --> OT1/lmtt/m/n on input line 34.
LaTeX Font Info:    Overwriting math alphabet `\mathbf' in version `bold'
(Font)                  OT1/cmr/bx/n --> OT1/lmr/bx/n on input line 35.
LaTeX Font Info:    Overwriting math alphabet `\mathsf' in version `bold'
(Font)                  OT1/cmss/bx/n --> OT1/lmss/bx/n on input line 36.
LaTeX Font Info:    Overwriting math alphabet `\mathit' in version `bold'
(Font)                  OT1/cmr/bx/it --> OT1/lmr/bx/it on input line 37.
LaTeX Font Info:    Overwriting math alphabet `\mathtt' in version `bold'
(Font)                  OT1/cmtt/m/n --> OT1/lmtt/m/n on input line 38.
)
(C:\Users\Floris\AppData\Local\Programs\MiKTeX\tex/latex/hyperref\hyperref.sty
Package: hyperref 2026-04-24 v7.01q Hypertext links for LaTeX

(C:\Users\Floris\AppData\Local\Programs\MiKTeX\tex/generic/iftex\iftex.sty
Package: iftex 2024/12/12 v1.0g TeX engine tests
)
(C:\Users\Floris\AppData\Local\Programs\MiKTeX\tex/latex/kvsetkeys\kvsetkeys.st
y
Package: kvsetkeys 2022-10-05 v1.19 Key value parser (HO)
)
(C:\Users\Floris\AppData\Local\Programs\MiKTeX\tex/generic/kvdefinekeys\kvdefin
ekeys.sty
Package: kvdefinekeys 2019-12-19 v1.6 Define keys (HO)
)
(C:\Users\Floris\AppData\Local\Programs\MiKTeX\tex/generic/pdfescape\pdfescape.
sty
Package: pdfescape 2019/12/09 v1.15 Implements pdfTeX's escape features (HO)

(C:\Users\Floris\AppData\Local\Programs\MiKTeX\tex/generic/ltxcmds\ltxcmds.sty
Package: ltxcmds 2023-12-04 v1.26 LaTeX kernel commands for general use (HO)
)
(C:\Users\Floris\AppData\Local\Programs\MiKTeX\tex/generic/pdftexcmds\pdftexcmd
s.sty
Package: pdftexcmds 2020-06-27 v0.33 Utility functions of pdfTeX for LuaTeX (HO
)

(C:\Users\Floris\AppData\Local\Programs\MiKTeX\tex/generic/infwarerr\infwarerr.
sty
Package: infwarerr 2019/12/03 v1.5 Providing info/warning/error messages (HO)
)
Package pdftexcmds Info: \pdf@primitive is available.
Package pdftexcmds Info: \pdf@ifprimitive is available.
Package pdftexcmds Info: \pdfdraftmode found.
))
(C:\Users\Floris\AppData\Local\Programs\MiKTeX\tex/latex/hycolor\hycolor.sty
Package: hycolor 2020-01-27 v1.10 Color options for hyperref/bookmark (HO)
)
(C:\Users\Floris\AppData\Local\Programs\MiKTeX\tex/latex/hyperref\nameref.sty
Package: nameref 2026-01-29 v2.58 Cross-referencing by name of section

(C:\Users\Floris\AppData\Local\Programs\MiKTeX\tex/latex/refcount\refcount.sty
Package: refcount 2019/12/15 v3.6 Data extraction from label references (HO)
)
(C:\Users\Floris\AppData\Local\Programs\MiKTeX\tex/generic/gettitlestring\getti
tlestring.sty
Package: gettitlestring 2019/12/15 v1.6 Cleanup title references (HO)

(C:\Users\Floris\AppData\Local\Programs\MiKTeX\tex/latex/kvoptions\kvoptions.st
y
Package: kvoptions 2022-06-15 v3.15 Key value format for package options (HO)
))
\c@section@level=\count285
)
(C:\Users\Floris\AppData\Local\Programs\MiKTeX\tex/latex/etoolbox\etoolbox.sty
Package: etoolbox 2025/10/02 v2.5m e-TeX tools for LaTeX (JAW)
\etb@tempcnta=\count286
)
(C:\Users\Floris\AppData\Local\Programs\MiKTeX\tex/generic/stringenc\stringenc.
sty
Package: stringenc 2019/11/29 v1.12 Convert strings between diff. encodings (HO
)
)
\@linkdim=\dimen151
\Hy@linkcounter=\count287
\Hy@pagecounter=\count288

(C:\Users\Floris\AppData\Local\Programs\MiKTeX\tex/latex/hyperref\pd1enc.def
File: pd1enc.def 2026-04-24 v7.01q Hyperref: PDFDocEncoding definition (HO)
Now handling font encoding PD1 ...
... no UTF-8 mapping file for font encoding PD1
)
(C:\Users\Floris\AppData\Local\Programs\MiKTeX\tex/generic/intcalc\intcalc.sty
Package: intcalc 2019/12/15 v1.3 Expandable calculations with integers (HO)
)
\Hy@SavedSpaceFactor=\count289
(C:\Users\Floris\AppData\Local\Programs\MiKTeX\tex/latex/hyperref\puenc.def
File: puenc.def 2026-04-24 v7.01q Hyperref: PDF Unicode definition (HO)
Now handling font encoding PU ...
... no UTF-8 mapping file for font encoding PU
)
Package hyperref Info: Option `pdfusetitle' set `true' on input line 4070.
Package hyperref Info: Hyper figures OFF on input line 4199.
Package hyperref Info: Link nesting OFF on input line 4204.
Package hyperref Info: Hyper index ON on input line 4207.
Package hyperref Info: Plain pages OFF on input line 4214.
Package hyperref Info: Backreferencing OFF on input line 4219.
Package hyperref Info: Implicit mode ON; LaTeX internals redefined.
Package hyperref Info: Bookmarks ON on input line 4466.
\c@Hy@tempcnt=\count290

(C:\Users\Floris\AppData\Local\Programs\MiKTeX\tex/latex/url\url.sty
\Urlmuskip=\muskip17
Package: url 2013/09/16  ver 3.4  Verb mode for urls, etc.
)
LaTeX Info: Redefining \url on input line 4805.
\XeTeXLinkMargin=\dimen152

(C:\Users\Floris\AppData\Local\Programs\MiKTeX\tex/generic/bitset\bitset.sty
Package: bitset 2019/12/09 v1.3 Handle bit-vector datatype (HO)

(C:\Users\Floris\AppData\Local\Programs\MiKTeX\tex/generic/bigintcalc\bigintcal
c.sty
Package: bigintcalc 2019/12/15 v1.5 Expandable calculations on big integers (HO
)
))
\Fld@menulength=\count291
\Field@Width=\dimen153
\Fld@charsize=\dimen154
Package hyperref Info: Hyper figures OFF on input line 6091.
Package hyperref Info: Link nesting OFF on input line 6096.
Package hyperref Info: Hyper index ON on input line 6099.
Package hyperref Info: backreferencing OFF on input line 6106.
Package hyperref Info: Link coloring OFF on input line 6111.
Package hyperref Info: Link coloring with OCG OFF on input line 6116.
Package hyperref Info: PDF/A mode OFF on input line 6121.
\Hy@abspage=\count292
\c@Item=\count293
\c@Hfootnote=\count294
)
Package hyperref Info: Driver (autodetected): hpdftex.

(C:\Users\Floris\AppData\Local\Programs\MiKTeX\tex/latex/hyperref\hpdftex.def
File: hpdftex.def 2026-04-24 v7.01q Hyperref driver for pdfTeX
\Fld@listcount=\count295
\c@bookmark@seq@number=\count296

(C:\Users\Floris\AppData\Local\Programs\MiKTeX\tex/latex/rerunfilecheck\rerunfi
lecheck.sty
Package: rerunfilecheck 2025-06-21 v1.11 Rerun checks for auxiliary files (HO)

(C:\Users\Floris\AppData\Local\Programs\MiKTeX\tex/generic/uniquecounter\unique
counter.sty
Package: uniquecounter 2019/12/15 v1.4 Provide unlimited unique counter (HO)
)
Package uniquecounter Info: New unique counter `rerunfilecheck' on input line 2
84.
)
\Hy@SectionHShift=\skip66
)
(C:\Users\Floris\AppData\Local\Programs\MiKTeX\tex/latex/base\fontenc.sty
Package: fontenc 2025/07/18 v2.1d Standard LaTeX package
LaTeX Font Info:    Trying to load font information for T1+lmr on input line 11
6.

(C:\Users\Floris\AppData\Local\Programs\MiKTeX\tex/latex/lm\t1lmr.fd
File: t1lmr.fd 2015/05/01 v1.6.1 Font defs for Latin Modern
))
(C:\Users\Floris\AppData\Local\Programs\MiKTeX\tex/latex/amsmath\amsmath.sty
Package: amsmath 2025/07/09 v2.17z AMS math features
\@mathmargin=\skip67

For additional information on amsmath, use the `?' option.
(C:\Users\Floris\AppData\Local\Programs\MiKTeX\tex/latex/amsmath\amstext.sty
Package: amstext 2024/11/17 v2.01 AMS text

(C:\Users\Floris\AppData\Local\Programs\MiKTeX\tex/latex/amsmath\amsgen.sty
File: amsgen.sty 1999/11/30 v2.0 generic functions
\@emptytoks=\toks18
\ex@=\dimen155
))
(C:\Users\Floris\AppData\Local\Programs\MiKTeX\tex/latex/amsmath\amsbsy.sty
Package: amsbsy 1999/11/29 v1.2d Bold Symbols
\pmbraise@=\dimen156
)
(C:\Users\Floris\AppData\Local\Programs\MiKTeX\tex/latex/amsmath\amsopn.sty
Package: amsopn 2022/04/08 v2.04 operator names
)
\inf@bad=\count297
LaTeX Info: Redefining \frac on input line 233.
\uproot@=\count298
\leftroot@=\count299
LaTeX Info: Redefining \overline on input line 398.
LaTeX Info: Redefining \colon on input line 409.
\classnum@=\count300
\DOTSCASE@=\count301
LaTeX Info: Redefining \ldots on input line 495.
LaTeX Info: Redefining \dots on input line 498.
LaTeX Info: Redefining \cdots on input line 619.
\Mathstrutbox@=\box55
\strutbox@=\box56
LaTeX Info: Redefining \big on input line 721.
LaTeX Info: Redefining \Big on input line 722.
LaTeX Info: Redefining \bigg on input line 723.
LaTeX Info: Redefining \Bigg on input line 724.
\big@size=\dimen157
LaTeX Font Info:    Redeclaring font encoding OML on input line 742.
LaTeX Font Info:    Redeclaring font encoding OMS on input line 743.
\macc@depth=\count302
LaTeX Info: Redefining \bmod on input line 904.
LaTeX Info: Redefining \pmod on input line 909.
LaTeX Info: Redefining \smash on input line 939.
LaTeX Info: Redefining \relbar on input line 969.
LaTeX Info: Redefining \Relbar on input line 970.
\c@MaxMatrixCols=\count303
\dotsspace@=\muskip18
\c@parentequation=\count304
\dspbrk@lvl=\count305
\tag@help=\toks19
\row@=\count306
\column@=\count307
\maxfields@=\count308
\andhelp@=\toks20
\eqnshift@=\dimen158
\alignsep@=\dimen159
\tagshift@=\dimen160
\tagwidth@=\dimen161
\totwidth@=\dimen162
\lineht@=\dimen163
\@envbody=\toks21
\multlinegap=\skip68
\multlinetaggap=\skip69
\mathdisplay@stack=\toks22
LaTeX Info: Redefining \[ on input line 2950.
LaTeX Info: Redefining \] on input line 2951.
)
(C:\Users\Floris\AppData\Local\Programs\MiKTeX\tex/latex/amsfonts\amssymb.sty
Package: amssymb 2013/01/14 v3.01 AMS font symbols

(C:\Users\Floris\AppData\Local\Programs\MiKTeX\tex/latex/amsfonts\amsfonts.sty
Package: amsfonts 2013/01/14 v3.01 Basic AMSFonts support
\symAMSa=\mathgroup4
\symAMSb=\mathgroup5
LaTeX Font Info:    Redeclaring math symbol \hbar on input line 98.
LaTeX Font Info:    Overwriting math alphabet `\mathfrak' in version `bold'
(Font)                  U/euf/m/n --> U/euf/b/n on input line 106.
)) (C:\Users\Floris\AppData\Local\Programs\MiKTeX\tex/latex/amscls\amsthm.sty
Package: amsthm 2020/05/29 v2.20.6
\thm@style=\toks23
\thm@bodyfont=\toks24
\thm@headfont=\toks25
\thm@notefont=\toks26
\thm@headpunct=\toks27
\thm@preskip=\skip70
\thm@postskip=\skip71
\thm@headsep=\skip72
\dth@everypar=\toks28
)
(C:\Users\Floris\AppData\Local\Programs\MiKTeX\tex/latex/xpatch\xpatch.sty
(C:\Users\Floris\AppData\Local\Programs\MiKTeX\tex/latex/l3kernel\expl3.sty
Package: expl3 2026-03-20 L3 programming layer (loader) 

(C:\Users\Floris\AppData\Local\Programs\MiKTeX\tex/latex/l3backend\l3backend-pd
ftex.def
File: l3backend-pdftex.def 2026-02-18 L3 backend support: PDF output (pdfTeX)
\l__color_backend_stack_int=\count309
))
Package: xpatch 2020/03/25 v0.3a Extending etoolbox patching commands

(C:\Users\Floris\AppData\Local\Programs\MiKTeX\tex/latex/l3packages/xparse\xpar
se.sty
Package: xparse 2025-10-09 L3 Experimental document command parser
))
Class scrbook Info: amsthm's \deferred@thm@head patched.

(C:\Users\Floris\AppData\Local\Programs\MiKTeX\tex/latex/jknappen\mathrsfs.sty
Package: mathrsfs 1996/01/01 Math RSFS package v1.0 (jk)
\symrsfs=\mathgroup6
) (C:\Users\Floris\AppData\Local\Programs\MiKTeX\tex/latex/xcolor\xcolor.sty
Package: xcolor 2024/09/29 v3.02 LaTeX color extensions (UK)

(C:\Users\Floris\AppData\Local\Programs\MiKTeX\tex/latex/graphics-cfg\color.cfg
File: color.cfg 2016/01/02 v1.6 sample color configuration
)

Package xcolor Warning: Package option `usenames' is obsolete and ignored on in
put line 265.

Package xcolor Info: Driver file: pdftex.def on input line 274.

(C:\Users\Floris\AppData\Local\Programs\MiKTeX\tex/latex/graphics-def\pdftex.de
f
File: pdftex.def 2025/09/29 v1.2d Graphics/color driver for pdftex
)
(C:\Users\Floris\AppData\Local\Programs\MiKTeX\tex/latex/graphics\mathcolor.ltx
)
Package xcolor Info: Model `cmy' substituted by `cmy0' on input line 1349.
Package xcolor Info: Model `hsb' substituted by `rgb' on input line 1353.
Package xcolor Info: Model `RGB' extended on input line 1365.
Package xcolor Info: Model `HTML' substituted by `rgb' on input line 1367.
Package xcolor Info: Model `Hsb' substituted by `hsb' on input line 1368.
Package xcolor Info: Model `tHsb' substituted by `hsb' on input line 1369.
Package xcolor Info: Model `HSB' substituted by `hsb' on input line 1370.
Package xcolor Info: Model `Gray' substituted by `gray' on input line 1371.
Package xcolor Info: Model `wave' substituted by `hsb' on input line 1372.
) (C:\Users\Floris\AppData\Local\Programs\MiKTeX\tex/latex/xcolor\svgnam.def
File: svgnam.def 2024/09/29 v3.02 Predefined colors according to SVG 1.1 (UK)
)
(C:\Users\Floris\AppData\Local\Programs\MiKTeX\tex/latex/graphics\dvipsnam.def
File: dvipsnam.def 2016/06/17 v3.0m Driver-dependent file (DPC,SPQR)
) (C:\Users\Floris\AppData\Local\Programs\MiKTeX\tex/latex/base\textcomp.sty
Package: textcomp 2024/04/24 v2.1b Standard LaTeX package
)
(C:\Users\Floris\AppData\Local\Programs\MiKTeX\tex/latex/tools\enumerate.sty
Package: enumerate 2023/07/04 v3.00 enumerate extensions (DPC)
\@enLab=\toks29
)
(C:\Users\Floris\AppData\Local\Programs\MiKTeX\tex/latex/todonotes\todonotes.st
y
Package: todonotes 2024/01/05 v1.1.7 Todonotes source and documentation.
Package: todonotes 2024/01/05
 (C:\Users\Floris\AppData\Local\Programs\MiKTeX\tex/latex/base\ifthen.sty
Package: ifthen 2024/03/16 v1.1e Standard LaTeX ifthen package (DPC)
)
(C:\Users\Floris\AppData\Local\Programs\MiKTeX\tex/latex/xkeyval\xkeyval.sty
Package: xkeyval 2022/06/16 v2.9 package option processing (HA)

(C:\Users\Floris\AppData\Local\Programs\MiKTeX\tex/generic/xkeyval\xkeyval.tex
(C:\Users\Floris\AppData\Local\Programs\MiKTeX\tex/generic/xkeyval\xkvutils.tex
\XKV@toks=\toks30
\XKV@tempa@toks=\toks31
)
\XKV@depth=\count310
File: xkeyval.tex 2014/12/03 v2.7a key=value parser (HA)
))
(C:\Users\Floris\AppData\Local\Programs\MiKTeX\tex/latex/pgf/frontendlayer\tikz
.sty
(C:\Users\Floris\AppData\Local\Programs\MiKTeX\tex/latex/pgf/basiclayer\pgf.sty

(C:\Users\Floris\AppData\Local\Programs\MiKTeX\tex/latex/pgf/utilities\pgfrcs.s
ty
(C:\Users\Floris\AppData\Local\Programs\MiKTeX\tex/generic/pgf/utilities\pgfuti
l-common.tex
\pgfutil@everybye=\toks32
\pgfutil@tempdima=\dimen164
\pgfutil@tempdimb=\dimen165
)
(C:\Users\Floris\AppData\Local\Programs\MiKTeX\tex/generic/pgf/utilities\pgfuti
l-latex.def
\pgfutil@abb=\box57
)
(C:\Users\Floris\AppData\Local\Programs\MiKTeX\tex/generic/pgf/utilities\pgfrcs
.code.tex
(C:\Users\Floris\AppData\Local\Programs\MiKTeX\tex/generic/pgf\pgf.revision.tex
)
Package: pgfrcs 2025-08-29 v3.1.11a (3.1.11a)
))
Package: pgf 2025-08-29 v3.1.11a (3.1.11a)

(C:\Users\Floris\AppData\Local\Programs\MiKTeX\tex/latex/pgf/basiclayer\pgfcore
.sty
(C:\Users\Floris\AppData\Local\Programs\MiKTeX\tex/latex/graphics\graphicx.sty
Package: graphicx 2024/12/31 v1.2e Enhanced LaTeX Graphics (DPC,SPQR)

(C:\Users\Floris\AppData\Local\Programs\MiKTeX\tex/latex/graphics\graphics.sty
Package: graphics 2024/08/06 v1.4g Standard LaTeX Graphics (DPC,SPQR)

(C:\Users\Floris\AppData\Local\Programs\MiKTeX\tex/latex/graphics\trig.sty
Package: trig 2023/12/02 v1.11 sin cos tan (DPC)
)
(C:\Users\Floris\AppData\Local\Programs\MiKTeX\tex/latex/graphics-cfg\graphics.
cfg
File: graphics.cfg 2016/06/04 v1.11 sample graphics configuration
)
Package graphics Info: Driver file: pdftex.def on input line 106.
)
\Gin@req@height=\dimen166
\Gin@req@width=\dimen167
)
(C:\Users\Floris\AppData\Local\Programs\MiKTeX\tex/latex/pgf/systemlayer\pgfsys
.sty
(C:\Users\Floris\AppData\Local\Programs\MiKTeX\tex/generic/pgf/systemlayer\pgfs
ys.code.tex
Package: pgfsys 2025-08-29 v3.1.11a (3.1.11a)

(C:\Users\Floris\AppData\Local\Programs\MiKTeX\tex/generic/pgf/utilities\pgfkey
s.code.tex
\pgfkeys@pathtoks=\toks33
\pgfkeys@temptoks=\toks34

(C:\Users\Floris\AppData\Local\Programs\MiKTeX\tex/generic/pgf/utilities\pgfkey
slibraryfiltered.code.tex
\pgfkeys@tmptoks=\toks35
))
\pgf@x=\dimen168
\pgf@y=\dimen169
\pgf@xa=\dimen170
\pgf@ya=\dimen171
\pgf@xb=\dimen172
\pgf@yb=\dimen173
\pgf@xc=\dimen174
\pgf@yc=\dimen175
\pgf@xd=\dimen176
\pgf@yd=\dimen177
\w@pgf@writea=\write3
\r@pgf@reada=\read2
\c@pgf@counta=\count311
\c@pgf@countb=\count312
\c@pgf@countc=\count313
\c@pgf@countd=\count314
\t@pgf@toka=\toks36
\t@pgf@tokb=\toks37
\t@pgf@tokc=\toks38
\pgf@sys@id@count=\count315

(C:\Users\Floris\AppData\Local\Programs\MiKTeX\tex/generic/pgf/systemlayer\pgf.
cfg
File: pgf.cfg 2025-08-29 v3.1.11a (3.1.11a)
)
Driver file for pgf: pgfsys-pdftex.def

(C:\Users\Floris\AppData\Local\Programs\MiKTeX\tex/generic/pgf/systemlayer\pgfs
ys-pdftex.def
File: pgfsys-pdftex.def 2025-08-29 v3.1.11a (3.1.11a)

(C:\Users\Floris\AppData\Local\Programs\MiKTeX\tex/generic/pgf/systemlayer\pgfs
ys-common-pdf.def
File: pgfsys-common-pdf.def 2025-08-29 v3.1.11a (3.1.11a)
)))
(C:\Users\Floris\AppData\Local\Programs\MiKTeX\tex/generic/pgf/systemlayer\pgfs
yssoftpath.code.tex
File: pgfsyssoftpath.code.tex 2025-08-29 v3.1.11a (3.1.11a)
\pgfsyssoftpath@smallbuffer@items=\count316
\pgfsyssoftpath@bigbuffer@items=\count317
)
(C:\Users\Floris\AppData\Local\Programs\MiKTeX\tex/generic/pgf/systemlayer\pgfs
ysprotocol.code.tex
File: pgfsysprotocol.code.tex 2025-08-29 v3.1.11a (3.1.11a)
))
(C:\Users\Floris\AppData\Local\Programs\MiKTeX\tex/generic/pgf/basiclayer\pgfco
re.code.tex
Package: pgfcore 2025-08-29 v3.1.11a (3.1.11a)

(C:\Users\Floris\AppData\Local\Programs\MiKTeX\tex/generic/pgf/math\pgfmath.cod
e.tex
(C:\Users\Floris\AppData\Local\Programs\MiKTeX\tex/generic/pgf/math\pgfmathutil
.code.tex)
(C:\Users\Floris\AppData\Local\Programs\MiKTeX\tex/generic/pgf/math\pgfmathpars
er.code.tex
\pgfmath@dimen=\dimen178
\pgfmath@count=\count318
\pgfmath@box=\box58
\pgfmath@toks=\toks39
\pgfmath@stack@operand=\toks40
\pgfmath@stack@operation=\toks41
)
(C:\Users\Floris\AppData\Local\Programs\MiKTeX\tex/generic/pgf/math\pgfmathfunc
tions.code.tex)
(C:\Users\Floris\AppData\Local\Programs\MiKTeX\tex/generic/pgf/math\pgfmathfunc
tions.basic.code.tex)
(C:\Users\Floris\AppData\Local\Programs\MiKTeX\tex/generic/pgf/math\pgfmathfunc
tions.trigonometric.code.tex)
(C:\Users\Floris\AppData\Local\Programs\MiKTeX\tex/generic/pgf/math\pgfmathfunc
tions.random.code.tex)
(C:\Users\Floris\AppData\Local\Programs\MiKTeX\tex/generic/pgf/math\pgfmathfunc
tions.comparison.code.tex)
(C:\Users\Floris\AppData\Local\Programs\MiKTeX\tex/generic/pgf/math\pgfmathfunc
tions.base.code.tex)
(C:\Users\Floris\AppData\Local\Programs\MiKTeX\tex/generic/pgf/math\pgfmathfunc
tions.round.code.tex)
(C:\Users\Floris\AppData\Local\Programs\MiKTeX\tex/generic/pgf/math\pgfmathfunc
tions.misc.code.tex)
(C:\Users\Floris\AppData\Local\Programs\MiKTeX\tex/generic/pgf/math\pgfmathfunc
tions.integerarithmetics.code.tex)
(C:\Users\Floris\AppData\Local\Programs\MiKTeX\tex/generic/pgf/math\pgfmathcalc
.code.tex)
(C:\Users\Floris\AppData\Local\Programs\MiKTeX\tex/generic/pgf/math\pgfmathfloa
t.code.tex
\c@pgfmathroundto@lastzeros=\count319
))
(C:\Users\Floris\AppData\Local\Programs\MiKTeX\tex/generic/pgf/math\pgfint.code
.tex)
(C:\Users\Floris\AppData\Local\Programs\MiKTeX\tex/generic/pgf/basiclayer\pgfco
repoints.code.tex
File: pgfcorepoints.code.tex 2025-08-29 v3.1.11a (3.1.11a)
\pgf@picminx=\dimen179
\pgf@picmaxx=\dimen180
\pgf@picminy=\dimen181
\pgf@picmaxy=\dimen182
\pgf@pathminx=\dimen183
\pgf@pathmaxx=\dimen184
\pgf@pathminy=\dimen185
\pgf@pathmaxy=\dimen186
\pgf@xx=\dimen187
\pgf@xy=\dimen188
\pgf@yx=\dimen189
\pgf@yy=\dimen190
\pgf@zx=\dimen191
\pgf@zy=\dimen192
)
(C:\Users\Floris\AppData\Local\Programs\MiKTeX\tex/generic/pgf/basiclayer\pgfco
repathconstruct.code.tex
File: pgfcorepathconstruct.code.tex 2025-08-29 v3.1.11a (3.1.11a)
\pgf@path@lastx=\dimen193
\pgf@path@lasty=\dimen194
)
(C:\Users\Floris\AppData\Local\Programs\MiKTeX\tex/generic/pgf/basiclayer\pgfco
repathusage.code.tex
File: pgfcorepathusage.code.tex 2025-08-29 v3.1.11a (3.1.11a)
\pgf@shorten@end@additional=\dimen195
\pgf@shorten@start@additional=\dimen196
)
(C:\Users\Floris\AppData\Local\Programs\MiKTeX\tex/generic/pgf/basiclayer\pgfco
rescopes.code.tex
File: pgfcorescopes.code.tex 2025-08-29 v3.1.11a (3.1.11a)
\pgfpic=\box59
\pgf@hbox=\box60
\pgf@layerbox@main=\box61
\pgf@picture@serial@count=\count320
)
(C:\Users\Floris\AppData\Local\Programs\MiKTeX\tex/generic/pgf/basiclayer\pgfco
regraphicstate.code.tex
File: pgfcoregraphicstate.code.tex 2025-08-29 v3.1.11a (3.1.11a)
\pgflinewidth=\dimen197
)
(C:\Users\Floris\AppData\Local\Programs\MiKTeX\tex/generic/pgf/basiclayer\pgfco
retransformations.code.tex
File: pgfcoretransformations.code.tex 2025-08-29 v3.1.11a (3.1.11a)
\pgf@pt@x=\dimen198
\pgf@pt@y=\dimen199
\pgf@pt@temp=\dimen256
)
(C:\Users\Floris\AppData\Local\Programs\MiKTeX\tex/generic/pgf/basiclayer\pgfco
requick.code.tex
File: pgfcorequick.code.tex 2025-08-29 v3.1.11a (3.1.11a)
)
(C:\Users\Floris\AppData\Local\Programs\MiKTeX\tex/generic/pgf/basiclayer\pgfco
reobjects.code.tex
File: pgfcoreobjects.code.tex 2025-08-29 v3.1.11a (3.1.11a)
)
(C:\Users\Floris\AppData\Local\Programs\MiKTeX\tex/generic/pgf/basiclayer\pgfco
repathprocessing.code.tex
File: pgfcorepathprocessing.code.tex 2025-08-29 v3.1.11a (3.1.11a)
)
(C:\Users\Floris\AppData\Local\Programs\MiKTeX\tex/generic/pgf/basiclayer\pgfco
rearrows.code.tex
File: pgfcorearrows.code.tex 2025-08-29 v3.1.11a (3.1.11a)
\pgfarrowsep=\dimen257
)
(C:\Users\Floris\AppData\Local\Programs\MiKTeX\tex/generic/pgf/basiclayer\pgfco
reshade.code.tex
File: pgfcoreshade.code.tex 2025-08-29 v3.1.11a (3.1.11a)
\pgf@max=\dimen258
\pgf@sys@shading@range@num=\count321
\pgf@shadingcount=\count322
)
(C:\Users\Floris\AppData\Local\Programs\MiKTeX\tex/generic/pgf/basiclayer\pgfco
reimage.code.tex
File: pgfcoreimage.code.tex 2025-08-29 v3.1.11a (3.1.11a)
)
(C:\Users\Floris\AppData\Local\Programs\MiKTeX\tex/generic/pgf/basiclayer\pgfco
reexternal.code.tex
File: pgfcoreexternal.code.tex 2025-08-29 v3.1.11a (3.1.11a)
\pgfexternal@startupbox=\box62
)
(C:\Users\Floris\AppData\Local\Programs\MiKTeX\tex/generic/pgf/basiclayer\pgfco
relayers.code.tex
File: pgfcorelayers.code.tex 2025-08-29 v3.1.11a (3.1.11a)
)
(C:\Users\Floris\AppData\Local\Programs\MiKTeX\tex/generic/pgf/basiclayer\pgfco
retransparency.code.tex
File: pgfcoretransparency.code.tex 2025-08-29 v3.1.11a (3.1.11a)
)
(C:\Users\Floris\AppData\Local\Programs\MiKTeX\tex/generic/pgf/basiclayer\pgfco
repatterns.code.tex
File: pgfcorepatterns.code.tex 2025-08-29 v3.1.11a (3.1.11a)
)
(C:\Users\Floris\AppData\Local\Programs\MiKTeX\tex/generic/pgf/basiclayer\pgfco
rerdf.code.tex
File: pgfcorerdf.code.tex 2025-08-29 v3.1.11a (3.1.11a)
)))
(C:\Users\Floris\AppData\Local\Programs\MiKTeX\tex/generic/pgf/modules\pgfmodul
eshapes.code.tex
File: pgfmoduleshapes.code.tex 2025-08-29 v3.1.11a (3.1.11a)
\pgfnodeparttextbox=\box63
)
(C:\Users\Floris\AppData\Local\Programs\MiKTeX\tex/generic/pgf/modules\pgfmodul
eplot.code.tex
File: pgfmoduleplot.code.tex 2025-08-29 v3.1.11a (3.1.11a)
)
(C:\Users\Floris\AppData\Local\Programs\MiKTeX\tex/latex/pgf/compatibility\pgfc
omp-version-0-65.sty
Package: pgfcomp-version-0-65 2025-08-29 v3.1.11a (3.1.11a)
\pgf@nodesepstart=\dimen259
\pgf@nodesepend=\dimen260
)
(C:\Users\Floris\AppData\Local\Programs\MiKTeX\tex/latex/pgf/compatibility\pgfc
omp-version-1-18.sty
Package: pgfcomp-version-1-18 2025-08-29 v3.1.11a (3.1.11a)
))
(C:\Users\Floris\AppData\Local\Programs\MiKTeX\tex/latex/pgf/utilities\pgffor.s
ty
(C:\Users\Floris\AppData\Local\Programs\MiKTeX\tex/latex/pgf/utilities\pgfkeys.
sty
(C:\Users\Floris\AppData\Local\Programs\MiKTeX\tex/generic/pgf/utilities\pgfkey
s.code.tex))
(C:\Users\Floris\AppData\Local\Programs\MiKTeX\tex/latex/pgf/math\pgfmath.sty
(C:\Users\Floris\AppData\Local\Programs\MiKTeX\tex/generic/pgf/math\pgfmath.cod
e.tex))
(C:\Users\Floris\AppData\Local\Programs\MiKTeX\tex/generic/pgf/utilities\pgffor
.code.tex
Package: pgffor 2025-08-29 v3.1.11a (3.1.11a)
\pgffor@iter=\dimen261
\pgffor@skip=\dimen262
\pgffor@stack=\toks42
\pgffor@toks=\toks43
))
(C:\Users\Floris\AppData\Local\Programs\MiKTeX\tex/generic/pgf/frontendlayer/ti
kz\tikz.code.tex
Package: tikz 2025-08-29 v3.1.11a (3.1.11a)

(C:\Users\Floris\AppData\Local\Programs\MiKTeX\tex/generic/pgf/libraries\pgflib
raryplothandlers.code.tex
File: pgflibraryplothandlers.code.tex 2025-08-29 v3.1.11a (3.1.11a)
\pgf@plot@mark@count=\count323
\pgfplotmarksize=\dimen263
)
\tikz@lastx=\dimen264
\tikz@lasty=\dimen265
\tikz@lastxsaved=\dimen266
\tikz@lastysaved=\dimen267
\tikz@lastmovetox=\dimen268
\tikz@lastmovetoy=\dimen269
\tikzleveldistance=\dimen270
\tikzsiblingdistance=\dimen271
\tikz@figbox=\box64
\tikz@figbox@bg=\box65
\tikz@tempbox=\box66
\tikz@tempbox@bg=\box67
\tikztreelevel=\count324
\tikznumberofchildren=\count325
\tikznumberofcurrentchild=\count326
\tikz@fig@count=\count327

(C:\Users\Floris\AppData\Local\Programs\MiKTeX\tex/generic/pgf/modules\pgfmodul
ematrix.code.tex
File: pgfmodulematrix.code.tex 2025-08-29 v3.1.11a (3.1.11a)
\pgfmatrixcurrentrow=\count328
\pgfmatrixcurrentcolumn=\count329
\pgf@matrix@numberofcolumns=\count330
)
\tikz@expandcount=\count331

(C:\Users\Floris\AppData\Local\Programs\MiKTeX\tex/generic/pgf/frontendlayer/ti
kz/libraries\tikzlibrarytopaths.code.tex
File: tikzlibrarytopaths.code.tex 2025-08-29 v3.1.11a (3.1.11a)
)))
(C:\Users\Floris\AppData\Local\Programs\MiKTeX\tex/generic/pgf/frontendlayer/ti
kz/libraries\tikzlibrarypositioning.code.tex
File: tikzlibrarypositioning.code.tex 2025-08-29 v3.1.11a (3.1.11a)
)
(C:\Users\Floris\AppData\Local\Programs\MiKTeX\tex/latex/tools\calc.sty
Package: calc 2025/03/01 v4.3b Infix arithmetic (KKT,FJ)
\calc@Acount=\count332
\calc@Bcount=\count333
\calc@Adimen=\dimen272
\calc@Bdimen=\dimen273
\calc@Askip=\skip73
\calc@Bskip=\skip74
LaTeX Info: Redefining \setlength on input line 86.
LaTeX Info: Redefining \addtolength on input line 87.
\calc@Ccount=\count334
\calc@Cskip=\skip75
)
\c@@todonotes@numberoftodonotes=\count335
)
(C:\Users\Floris\AppData\Local\Programs\MiKTeX\tex/latex/mathtools\mathtools.st
y
Package: mathtools 2024/10/04 v1.31 mathematical typesetting tools

(C:\Users\Floris\AppData\Local\Programs\MiKTeX\tex/latex/mathtools\mhsetup.sty
Package: mhsetup 2021/03/18 v1.4 programming setup (MH)
)
\g_MT_multlinerow_int=\count336
\l_MT_multwidth_dim=\dimen274
\origjot=\skip76
\l_MT_shortvdotswithinadjustabove_dim=\dimen275
\l_MT_shortvdotswithinadjustbelow_dim=\dimen276
\l_MT_above_intertext_sep=\dimen277
\l_MT_below_intertext_sep=\dimen278
\l_MT_above_shortintertext_sep=\dimen279
\l_MT_below_shortintertext_sep=\dimen280
\xmathstrut@box=\box68
\xmathstrut@dim=\dimen281
)
(C:\Users\Floris\AppData\Local\Programs\MiKTeX\tex/latex/microtype\microtype.st
y
Package: microtype 2026/03/01 v3.2d Micro-typographical refinements (RS)
\MT@toks=\toks44
\MT@tempbox=\box69
\MT@count=\count337
LaTeX Info: Redefining \noprotrusionifhmode on input line 1084.
LaTeX Info: Redefining \leftprotrusion on input line 1085.
\MT@prot@toks=\toks45
LaTeX Info: Redefining \rightprotrusion on input line 1104.
LaTeX Info: Redefining \textls on input line 1449.
\MT@outer@kern=\dimen282
LaTeX Info: Redefining \microtypecontext on input line 2053.
LaTeX Info: Redefining \textmicrotypecontext on input line 2070.
\MT@listname@count=\count338

(C:\Users\Floris\AppData\Local\Programs\MiKTeX\tex/latex/microtype\microtype-pd
ftex.def
File: microtype-pdftex.def 2026/03/01 v3.2d Definitions specific to pdftex (RS)

LaTeX Info: Redefining \lsstyle on input line 944.
LaTeX Info: Redefining \lslig on input line 944.
\MT@outer@space=\skip77
)
Package microtype Info: Loading configuration file microtype.cfg.

(C:\Users\Floris\AppData\Local\Programs\MiKTeX\tex/latex/microtype\microtype.cf
g
File: microtype.cfg 2026/03/01 v3.2d microtype main configuration file (RS)
)
LaTeX Info: Redefining \microtypesetup on input line 3065.
) (C:\Users\Floris\AppData\Local\Programs\MiKTeX\tex/latex/ulem\ulem.sty
\UL@box=\box70
\UL@hyphenbox=\box71
\UL@skip=\skip78
\UL@hook=\toks46
\UL@height=\dimen283
\UL@pe=\count339
\UL@pixel=\dimen284
\ULC@box=\box72
Package: ulem 2019/11/18
\ULdepth=\dimen285
)
(C:\Users\Floris\AppData\Local\Programs\MiKTeX\tex/latex/stmaryrd\stmaryrd.sty
Package: stmaryrd 1994/03/03 St Mary's Road symbol package
\symstmry=\mathgroup7
LaTeX Font Info:    Overwriting symbol font `stmry' in version `bold'
(Font)                  U/stmry/m/n --> U/stmry/b/n on input line 89.
) (C:\Users\Floris\AppData\Local\Programs\MiKTeX\tex/latex/wasysym\wasysym.sty
Package: wasysym 2020/01/19 v2.4 Wasy-2 symbol support package
\symwasy=\mathgroup8
LaTeX Font Info:    Overwriting symbol font `wasy' in version `bold'
(Font)                  U/wasy/m/n --> U/wasy/b/n on input line 93.
LaTeX Font Info:    Redeclaring math symbol \ocircle on input line 243.
)
(C:\Users\Floris\AppData\Local\Programs\MiKTeX\tex/latex/multirow\multirow.sty
Package: multirow 2024/11/12 v2.9 Span multiple rows of a table
\multirow@colwidth=\skip79
\multirow@cntb=\count340
\multirow@dima=\skip80
\bigstrutjot=\dimen286
) (C:\Users\Floris\AppData\Local\Programs\MiKTeX\tex/latex/prerex\prerex.sty
Package: prerex 2019/11/15 v6.8.0 LaTeX style for prerequisite charts, pgf vers
ion
\unit=\skip81

(C:\Users\Floris\AppData\Local\Programs\MiKTeX\tex/latex/relsize\relsize.sty
Package: relsize 2013/03/29 ver 4.1
)
(C:\Users\Floris\AppData\Local\Programs\MiKTeX\tex/generic/pgf/libraries\pgflib
raryarrows.meta.code.tex
File: pgflibraryarrows.meta.code.tex 2025-08-29 v3.1.11a (3.1.11a)
\pgfarrowinset=\dimen287
\pgfarrowlength=\dimen288
\pgfarrowwidth=\dimen289
\pgfarrowlinewidth=\dimen290
)
\c@@myangle=\count341
\c@@inangle=\count342
\c@@dx=\count343
\c@@dy=\count344
\c@@gridwidth=\count345
\c@@gridright=\count346
\c@@gridheight=\count347
\c@@gridtop=\count348
\c@@diagwidth=\count349
\c@diagheight=\count350
\pgf@layerbox@arrows=\box73
\pgf@layerboxsaved@arrows=\box74
\pgf@layerbox@courses=\box75
\pgf@layerboxsaved@courses=\box76
\pgf@layerbox@grid=\box77
\pgf@layerboxsaved@grid=\box78
)
(C:\Users\Floris\AppData\Local\Programs\MiKTeX\tex/latex/cleveref\cleveref.sty
Package: cleveref 2018/03/27 v0.21.4 Intelligent cross-referencing
Package cleveref Info: `hyperref' support loaded on input line 2370.
LaTeX Info: Redefining \cref on input line 2370.
LaTeX Info: Redefining \Cref on input line 2370.
LaTeX Info: Redefining \crefrange on input line 2370.
LaTeX Info: Redefining \Crefrange on input line 2370.
LaTeX Info: Redefining \cpageref on input line 2370.
LaTeX Info: Redefining \Cpageref on input line 2370.
LaTeX Info: Redefining \cpagerefrange on input line 2370.
LaTeX Info: Redefining \Cpagerefrange on input line 2370.
LaTeX Info: Redefining \labelcref on input line 2370.
LaTeX Info: Redefining \labelcpageref on input line 2370.
Package cleveref Info: `amsthm' support loaded on input line 3026.
Package cleveref Info: include cross-reference names in hyperlinks on input lin
e 7836.
Package cleveref Info: include cross-reference names in hyperlinks on input lin
e 7852.
)
==> First Aid for cleveref.sty applied!

(C:\Users\Floris\AppData\Local\Programs\MiKTeX\tex/latex/derivative\derivative.
sty
(C:\Users\Floris\AppData\Local\Programs\MiKTeX\tex/latex/l3packages/l3keys2e\l3
keys2e.sty
Package: l3keys2e 2025-10-09 LaTeX2e option processing using LaTeX3 keys
)
Package: derivative 2024/02/08 v1.4 Nice and easy derivatives and differentials
 for LaTeX
\l__deriv_gcd_counter_int=\count351
\l__deriv_vmo_int=\count352
\l__deriv_var_count_int=\count353
\l__deriv_tmpa_int=\count354
\l__deriv_tmpb_int=\count355
\l__deriv_seq_pos_int=\count356
\l__deriv_sort_max_int=\count357
)
Package hyperref Info: Option `colorlinks' set `true' on input line 52.
 (tikz-cd.sty
Package: tikz-cd 2018/11/19 v0.9f Commutative diagrams with TikZ

(C:\Users\Floris\AppData\Local\Programs\MiKTeX\tex/latex/tikz-cd\tikzlibrarycd.
code.tex
(C:\Users\Floris\AppData\Local\Programs\MiKTeX\tex/generic/pgf/frontendlayer/ti
kz/libraries\tikzlibrarymatrix.code.tex
File: tikzlibrarymatrix.code.tex 2025-08-29 v3.1.11a (3.1.11a)
)
(C:\Users\Floris\AppData\Local\Programs\MiKTeX\tex/generic/pgf/frontendlayer/ti
kz/libraries\tikzlibraryquotes.code.tex
File: tikzlibraryquotes.code.tex 2025-08-29 v3.1.11a (3.1.11a)
)))
(C:\Users\Floris\AppData\Local\Programs\MiKTeX\tex/generic/pgf/frontendlayer/ti
kz/libraries\tikzlibraryarrows.code.tex
File: tikzlibraryarrows.code.tex 2025-08-29 v3.1.11a (3.1.11a)

(C:\Users\Floris\AppData\Local\Programs\MiKTeX\tex/generic/pgf/libraries\pgflib
raryarrows.code.tex
File: pgflibraryarrows.code.tex 2025-08-29 v3.1.11a (3.1.11a)
\arrowsize=\dimen291
))
(C:\Users\Floris\AppData\Local\Programs\MiKTeX\tex/latex/koma-script\scrlayer-s
crpage.sty
Package: scrlayer-scrpage 2026/02/02 v3.49.2 KOMA-Script package (end user inte
rface for scrlayer)

(C:\Users\Floris\AppData\Local\Programs\MiKTeX\tex/latex/koma-script\scrlayer.s
ty
Package: scrlayer 2026/02/02 v3.49.2 KOMA-Script package (defining layers and p
age styles)
Package scrlayer Info: patching LaTeX kernel macro \pagestyle on input line 217
9.
)
Package scrlayer-scrpage Info: Makeing stand-alone element `pagehead' from
(scrlayer-scrpage)             alias to `pageheadfoot' on input line 1106.
)
Package scrkbase Info: You've told me to extend the font selection of the
(scrkbase)             element `partprefix' that is an alias of element
(scrkbase)             `partnumber' on input line 123.

(C:\Users\Floris\AppData\Local\Programs\MiKTeX\tex/latex/tcolorbox\tcolorbox.st
y
Package: tcolorbox 2025/11/28 version 6.9.0 text color boxes
 (C:\Users\Floris\AppData\Local\Programs\MiKTeX\tex/latex/tools\verbatim.sty
Package: verbatim 2024-01-22 v1.5x LaTeX2e package for verbatim enhancements
\every@verbatim=\toks47
\verbatim@line=\toks48
\verbatim@in@stream=\read3
)
(C:\Users\Floris\AppData\Local\Programs\MiKTeX\tex/latex/environ\environ.sty
Package: environ 2014/05/04 v0.3 A new way to define environments

(C:\Users\Floris\AppData\Local\Programs\MiKTeX\tex/latex/trimspaces\trimspaces.
sty
Package: trimspaces 2009/09/17 v1.1 Trim spaces around a token list
))
\tcb@titlebox=\box79
\tcb@upperbox=\box80
\tcb@lowerbox=\box81
\tcb@phantombox=\box82
\c@tcbbreakpart=\count358
\c@tcblayer=\count359
\c@tcolorbox@number=\count360
\l__tcobox_tmpa_box=\box83
\l__tcobox_tmpa_dim=\dimen292
\tcb@temp=\box84
\tcb@temp=\box85
\tcb@temp=\box86
\tcb@temp=\box87
)
(C:\Users\Floris\AppData\Local\Programs\MiKTeX\tex/latex/tcolorbox\tcbbreakable
.code.tex
Library (tcolorbox): 'tcbbreakable.code.tex' version '6.9.0'
(C:\Users\Floris\AppData\Local\Programs\MiKTeX\tex/latex/pdfcol\pdfcol.sty
Package: pdfcol 2022-09-21 v1.7 Handle new color stacks for pdfTeX (HO)
)
Package pdfcol Info: New color stack `tcb@breakable' = 1 on input line 23.
\tcb@testbox=\box88
\tcb@totalupperbox=\box89
\tcb@totallowerbox=\box90
)
(C:\Users\Floris\AppData\Local\Programs\MiKTeX\tex/latex/tcolorbox\tcbskins.cod
e.tex
Library (tcolorbox): 'tcbskins.code.tex' version '6.9.0'

(C:\Users\Floris\AppData\Local\Programs\MiKTeX\tex/latex/tikzfill\tikzfill.imag
e.sty
Package: tikzfill.image 2026/04/23 v1.2.0 Image filling library for TikZ

(C:\Users\Floris\AppData\Local\Programs\MiKTeX\tex/latex/tikzfill\tikzlibraryfi
ll.image.code.tex
File: tikzlibraryfill.image.code.tex 2026/04/23 v1.2.0 Image filling library
\l__tikzfill_tmpa_dim=\dimen293
\l__tikzfill_tmpb_dim=\dimen294
\l__tikzfill_img_box=\box91
))
(C:\Users\Floris\AppData\Local\Programs\MiKTeX\tex/latex/tcolorbox\tcbskinsjigs
aw.code.tex
Library (tcolorbox): 'tcbskinsjigsaw.code.tex' version '6.9.0'
))
(C:\Users\Floris\AppData\Local\Programs\MiKTeX\tex/latex/tcolorbox\tcbhooks.cod
e.tex
Library (tcolorbox): 'tcbhooks.code.tex' version '6.9.0'
)
(C:\Users\Floris\AppData\Local\Programs\MiKTeX\tex/latex/thmtools\thmtools.sty
Package: thmtools 2023/05/04 v0.76
\thmt@toks=\toks49
\c@thmt@dummyctr=\count361

(C:\Users\Floris\AppData\Local\Programs\MiKTeX\tex/latex/thmtools\thm-patch.sty
Package: thm-patch 2023/05/04 v0.76

(C:\Users\Floris\AppData\Local\Programs\MiKTeX\tex/latex/thmtools\parseargs.sty
Package: parseargs 2023/05/04 v0.76
\@parsespec=\toks50
)) (C:\Users\Floris\AppData\Local\Programs\MiKTeX\tex/latex/thmtools\thm-kv.sty
Package: thm-kv 2023/05/04 v0.76
Package thm-kv Info: Theorem names will be uppercased on input line 42.
Package thm-kv Info: kvsetkeys patch (v1.16 or later) on input line 158.
)
(C:\Users\Floris\AppData\Local\Programs\MiKTeX\tex/latex/thmtools\thm-autoref.s
ty
Package: thm-autoref 2023/05/04 v0.76

(C:\Users\Floris\AppData\Local\Programs\MiKTeX\tex/latex/thmtools\aliasctr.sty
Package: aliasctr 2023/05/04 v0.76
))
(C:\Users\Floris\AppData\Local\Programs\MiKTeX\tex/latex/thmtools\thm-listof.st
y
Package: thm-listof 2023/05/04 v0.76
)
(C:\Users\Floris\AppData\Local\Programs\MiKTeX\tex/latex/thmtools\thm-restate.s
ty
Package: thm-restate 2023/05/04 v0.76
)
(C:\Users\Floris\AppData\Local\Programs\MiKTeX\tex/latex/thmtools\thm-amsthm.st
y
Package: thm-amsthm 2023/05/04 v0.76
\thmt@style@headstyle=\toks51
))
\c@theorem=\count362
\c@step=\count363
\c@problem=\count364

(C:\Users\Floris\AppData\Local\Programs\MiKTeX\tex/latex/answers\answers.sty
Package: answers 2014/08/24 v2.16 Production of solution sheets in LaTeX2e
)
\c@answeritem=\count365

WARNING: environment answeritem already in use
(patch-asy.sty
Package: patch-asy 2012/08/25 v1.27 Asymptote style file for LaTeX
\ASYbox=\box92
\c@asy=\count366
\AsyStream=\write4
\AsyPreStream=\write5

(C:\Users\Floris\AppData\Local\Programs\MiKTeX\tex/generic/iftex\ifpdf.sty
Package: ifpdf 2019/10/25 v3.4 ifpdf legacy package. Use iftex instead.
)
(C:\Users\Floris\AppData\Local\Programs\MiKTeX\tex/generic/iftex\ifxetex.sty
Package: ifxetex 2019/10/25 v0.7 ifxetex legacy package. Use iftex instead.
)
(C:\Users\Floris\AppData\Local\Programs\MiKTeX\tex/generic/catchfile\catchfile.
sty
Package: catchfile 2019/12/09 v1.8 Catch the contents of a file (HO)

(C:\Users\Floris\AppData\Local\Programs\MiKTeX\tex/generic/etexcmds\etexcmds.st
y
Package: etexcmds 2019/12/15 v1.7 Avoid name clashes with e-TeX commands (HO)
))
\openout5 = `Napkin.pre'.

)
(C:\Users\Floris\AppData\Local\Programs\MiKTeX\tex/latex/biblatex\biblatex.sty
Package: biblatex 2025/07/10 v3.21 programmable bibliographies (PK/MW)

(C:\Users\Floris\AppData\Local\Programs\MiKTeX\tex/latex/logreq\logreq.sty
Package: logreq 2010/08/04 v1.0 xml request logger
\lrq@indent=\count367

(C:\Users\Floris\AppData\Local\Programs\MiKTeX\tex/latex/logreq\logreq.def
File: logreq.def 2010/08/04 v1.0 logreq spec v1.0
))
\c@tabx@nest=\count368
\c@listtotal=\count369
\c@listcount=\count370
\c@liststart=\count371
\c@liststop=\count372
\c@citecount=\count373
\c@citetotal=\count374
\c@multicitecount=\count375
\c@multicitetotal=\count376
\c@instcount=\count377
\c@maxnames=\count378
\c@minnames=\count379
\c@maxitems=\count380
\c@minitems=\count381
\c@citecounter=\count382
\c@maxcitecounter=\count383
\c@savedcitecounter=\count384
\c@uniquelist=\count385
\c@uniquename=\count386
\c@refsection=\count387
\c@refsegment=\count388
\c@maxextratitle=\count389
\c@maxextratitleyear=\count390
\c@maxextraname=\count391
\c@maxextradate=\count392
\c@maxextraalpha=\count393
\c@abbrvpenalty=\count394
\c@highnamepenalty=\count395
\c@lownamepenalty=\count396
\c@maxparens=\count397
\c@parenlevel=\count398
\blx@tempcnta=\count399
\blx@tempcntb=\count400
\blx@tempcntc=\count401
\c@blx@maxsection=\count402
\blx@maxsegment@0=\count403
\blx@notetype=\count404
\blx@parenlevel@text=\count405
\blx@parenlevel@foot=\count406
\blx@sectionciteorder@0=\count407
\blx@sectionciteorderinternal@0=\count408
\blx@entrysetcounter=\count409
\blx@biblioinstance=\count410
\labelnumberwidth=\skip82
\labelalphawidth=\skip83
\biblabelsep=\skip84
\bibitemsep=\skip85
\bibnamesep=\skip86
\bibinitsep=\skip87
\bibparsep=\skip88
\bibhang=\skip89
\blx@bcfin=\read4
\blx@bcfout=\write6
\blx@langwohyphens=\language79
\c@mincomprange=\count411
\c@maxcomprange=\count412
\c@mincompwidth=\count413
Package biblatex Info: Trying to load biblatex default data model...
Package biblatex Info: ... file 'blx-dm.def' found.

(C:\Users\Floris\AppData\Local\Programs\MiKTeX\tex/latex/biblatex\blx-dm.def
File: blx-dm.def 2025/07/10 v3.21 biblatex datamodel (PK/MW)
)
Package biblatex Info: Trying to load biblatex style data model...
Package biblatex Info: ... file 'alphabetic.dbx' not found.
Package biblatex Info: Trying to load biblatex custom data model...
Package biblatex Info: ... file 'biblatex-dm.cfg' not found.
\c@afterword=\count414
\c@savedafterword=\count415
\c@annotator=\count416
\c@savedannotator=\count417
\c@author=\count418
\c@savedauthor=\count419
\c@bookauthor=\count420
\c@savedbookauthor=\count421
\c@commentator=\count422
\c@savedcommentator=\count423
\c@editor=\count424
\c@savededitor=\count425
\c@editora=\count426
\c@savededitora=\count427
\c@editorb=\count428
\c@savededitorb=\count429
\c@editorc=\count430
\c@savededitorc=\count431
\c@foreword=\count432
\c@savedforeword=\count433
\c@holder=\count434
\c@savedholder=\count435
\c@introduction=\count436
\c@savedintroduction=\count437
\c@namea=\count438
\c@savednamea=\count439
\c@nameb=\count440
\c@savednameb=\count441
\c@namec=\count442
\c@savednamec=\count443
\c@translator=\count444
\c@savedtranslator=\count445
\c@shortauthor=\count446
\c@savedshortauthor=\count447
\c@shorteditor=\count448
\c@savedshorteditor=\count449
\c@labelname=\count450
\c@savedlabelname=\count451
\c@institution=\count452
\c@savedinstitution=\count453
\c@lista=\count454
\c@savedlista=\count455
\c@listb=\count456
\c@savedlistb=\count457
\c@listc=\count458
\c@savedlistc=\count459
\c@listd=\count460
\c@savedlistd=\count461
\c@liste=\count462
\c@savedliste=\count463
\c@listf=\count464
\c@savedlistf=\count465
\c@location=\count466
\c@savedlocation=\count467
\c@organization=\count468
\c@savedorganization=\count469
\c@origlocation=\count470
\c@savedoriglocation=\count471
\c@origpublisher=\count472
\c@savedorigpublisher=\count473
\c@publisher=\count474
\c@savedpublisher=\count475
\c@language=\count476
\c@savedlanguage=\count477
\c@origlanguage=\count478
\c@savedoriglanguage=\count479
\c@pageref=\count480
\c@savedpageref=\count481
\shorthandwidth=\skip90
\shortjournalwidth=\skip91
\shortserieswidth=\skip92
\shorttitlewidth=\skip93
\shortauthorwidth=\skip94
\shorteditorwidth=\skip95
\locallabelnumberwidth=\skip96
\locallabelalphawidth=\skip97
\localshorthandwidth=\skip98
\localshortjournalwidth=\skip99
\localshortserieswidth=\skip100
\localshorttitlewidth=\skip101
\localshortauthorwidth=\skip102
\localshorteditorwidth=\skip103
Package biblatex Info: Trying to load compatibility code...
Package biblatex Info: ... file 'blx-compat.def' found.

(C:\Users\Floris\AppData\Local\Programs\MiKTeX\tex/latex/biblatex\blx-compat.de
f
File: blx-compat.def 2025/07/10 v3.21 biblatex compatibility (PK/MW)
)
Package biblatex Info: Trying to load generic definitions...
Package biblatex Info: ... file 'biblatex.def' found.

(C:\Users\Floris\AppData\Local\Programs\MiKTeX\tex/latex/biblatex\biblatex.def
File: biblatex.def 2025/07/10 v3.21 biblatex compatibility (PK/MW)
\c@textcitecount=\count482
\c@textcitetotal=\count483
\c@textcitemaxnames=\count484
\c@biburlbigbreakpenalty=\count485
\c@biburlbreakpenalty=\count486
\c@biburlnumpenalty=\count487
\c@biburlucpenalty=\count488
\c@biburllcpenalty=\count489
\biburlbigskip=\muskip19
\biburlnumskip=\muskip20
\biburlucskip=\muskip21
\biburllcskip=\muskip22
\c@smartand=\count490
)
Package biblatex Info: Trying to load bibliography style 'alphabetic'...
Package biblatex Info: ... file 'alphabetic.bbx' found.

(C:\Users\Floris\AppData\Local\Programs\MiKTeX\tex/latex/biblatex/bbx\alphabeti
c.bbx
File: alphabetic.bbx 2025/07/10 v3.21 biblatex bibliography style (PK/MW)
Package biblatex Info: Trying to load bibliography style 'standard'...
Package biblatex Info: ... file 'standard.bbx' found.

(C:\Users\Floris\AppData\Local\Programs\MiKTeX\tex/latex/biblatex/bbx\standard.
bbx
File: standard.bbx 2025/07/10 v3.21 biblatex bibliography style (PK/MW)
\c@bbx:relatedcount=\count491
\c@bbx:relatedtotal=\count492
))
Package biblatex Info: Trying to load citation style 'alphabetic'...
Package biblatex Info: ... file 'alphabetic.cbx' found.

(C:\Users\Floris\AppData\Local\Programs\MiKTeX\tex/latex/biblatex/cbx\alphabeti
c.cbx
File: alphabetic.cbx 2025/07/10 v3.21 biblatex citation style (PK/MW)
Package biblatex Info: Redefining '\cite'.
Package biblatex Info: Redefining '\parencite'.
Package biblatex Info: Redefining '\footcite'.
Package biblatex Info: Redefining '\footcitetext'.
Package biblatex Info: Redefining '\smartcite'.
Package biblatex Info: Redefining '\textcite'.
Package biblatex Info: Redefining '\textcites'.
Package biblatex Info: Redefining '\cites'.
Package biblatex Info: Redefining '\parencites'.
Package biblatex Info: Redefining '\smartcites'.
)
Package biblatex Info: Trying to load configuration file...
Package biblatex Info: ... file 'biblatex.cfg' found.

(C:\Users\Floris\AppData\Local\Programs\MiKTeX\tex/latex/biblatex\biblatex.cfg
File: biblatex.cfg 
)
Package biblatex Info: Input encoding 'utf8' detected.
Package biblatex Info: Document encoding is UTF8 ....
Package biblatex Info: ... and expl3
(biblatex)             2026-03-20 L3 programming layer (loader) 
(biblatex)             is new enough (at least 2020/04/06),
(biblatex)             setting 'casechanger=expl3'.

(C:\Users\Floris\AppData\Local\Programs\MiKTeX\tex/latex/biblatex\blx-case-expl
3.sty
Package: blx-case-expl3 2025/07/10 v3.21 expl3 case changing code for biblatex
))

Class scrbook Warning: Usage of package `minitoc' together
(scrbook)              with a KOMA-Script class is not recommended.
(scrbook)              Nevertheless, using requested
(scrbook)              package `minitoc' on input line 401.

(C:\Users\Floris\AppData\Local\Programs\MiKTeX\tex/latex/minitoc\minitoc.sty
Package: minitoc 2018/07/12 v62 Package minitoc

(C:\Users\Floris\AppData\Local\Programs\MiKTeX\tex/latex/minitoc\mtcmess.sty
Package: mtcmess 2006/03/14
)
Package minitoc Info: I0001
(minitoc)             *** minitoc package, version 62 ***.
\tf@mtc=\write7
\mtcindent=\skip104
\mtcskipamount=\skip105
Package minitoc Info: I0005
(minitoc)             compatible with hyperref.
Package minitoc Info: I0023
(minitoc)             part level macros available.
Package minitoc Info: I0003
(minitoc)             chapter level macros available.
\mtc@toks=\toks52
\mtc@strutbox=\box93
\mtc@hstrutbox=\box94
Package minitoc Info: I0002
(minitoc)             Autoconfiguration of extensions.
\openout7 = `Napkin.mtc0'.

\openout7 = `Napkin.mtc'.


(Napkin.mtc0)
Package minitoc Info: I0012
(minitoc)             Long extensions (Unix-like) will be used.
Package minitoc Info: I0031
(minitoc)             ==> this version is configured for UNIX-like 
(minitoc)                 (long extensions) file names.
\openout7 = `Napkin.mtc'.

\openout7 = `Napkin.mtc0'.

\c@mtc=\count493
\c@minitocdepth=\count494
\c@ptc=\count495
\c@parttocdepth=\count496
\ptcindent=\skip106
Package minitoc Info: I0010
(minitoc)             The english language is selected.
(minitoc)              on input line 4910.

(C:\Users\Floris\AppData\Local\Programs\MiKTeX\tex/latex/minitoc\english.mld
File: english.mld 2006/01/13
)
(C:\Users\Floris\AppData\Local\Programs\MiKTeX\tex/latex/minitoc\english.mld
File: english.mld 2006/01/13
))
Class scrbook Info: Deactivating the `minitoc' workaround for `\@sect',
(scrbook)           because it is not needed on input line 401.
Package minitoc Info: I0015
(minitoc)             \mtcsetfont redefines the macro 
(minitoc)             "ptcCfont" as "\sffamily \bfseries " on input line 401.
Package minitoc Info: I0015
(minitoc)             \mtcsetfont redefines the macro 
(minitoc)             "ptcSfont" as "\footnotesize \rmfamily \upshape \mdseries
 " on input line 402.
Package minitoc Info: I0015
(minitoc)             \mtcsetfont redefines the macro 
(minitoc)             "ptcSSfont" as "\footnotesize \rmfamily \upshape \mdserie
s " on input line 403.


Package minitoc Warning: W0013
(minitoc)                No file Napkin.toc 
(minitoc)                PARTTOCS NOT PREPARED on input line 411.

) (tex/macros.tex
(C:\Users\Floris\AppData\Local\Programs\MiKTeX\tex/latex/tkz-graph\tkz-graph.st
y
2021/01/20 v 2.00 tkz-graph.sty
Package: tkz-graph 2021/01/20 2.00 base for graphs
\c@tkz@gr@a=\count497
\c@tkz@gr@b=\count498
\c@tkz@gr@c=\count499
\c@tkz@gr@e=\count500
\c@tkz@gr@d=\count501
\c@tkz@gr@p=\count502
\c@tkz@gr@i=\count503
\c@tkz@gr@n=\count504
\c@tkz@gr@ta=\count505
\c@tkz@gr@tb=\count506
) (C:\Users\Floris\AppData\Local\Programs\MiKTeX\tex/generic/xypic\xy.sty
(C:\Users\Floris\AppData\Local\Programs\MiKTeX\tex/generic/xypic\xy.tex
Bootstrap'ing: catcodes, docmode,
(C:\Users\Floris\AppData\Local\Programs\MiKTeX\tex/generic/xypic\xyrecat.tex)
(C:\Users\Floris\AppData\Local\Programs\MiKTeX\tex/generic/xypic\xyidioms.tex)

 Xy-pic version 3.8.9 <2013/10/06>
 Copyright (c) 1991-2013 by Kristoffer H. Rose <krisrose@tug.org> and others
 Xy-pic is free software: see the User's Guide for details.

Loading kernel: messages; fonts; allocations: state,
\X@c=\dimen295
\Y@c=\dimen296
\U@c=\dimen297
\D@c=\dimen298
\L@c=\dimen299
\R@c=\dimen300
\Edge@c=\toks53
\X@p=\dimen301
\Y@p=\dimen302
\U@p=\dimen303
\D@p=\dimen304
\L@p=\dimen305
\R@p=\dimen306
\Edge@p=\toks54
\X@origin=\dimen307
\Y@origin=\dimen308
\X@xbase=\dimen309
\Y@xbase=\dimen310
\X@ybase=\dimen311
\Y@ybase=\dimen312
\X@min=\dimen313
\Y@min=\dimen314
\X@max=\dimen315
\Y@max=\dimen316
\lastobjectbox@=\box95
\zerodotbox@=\box96
\almostz@=\dimen317
 direction,
\d@X=\dimen318
\d@Y=\dimen319
\K@=\count507
\KK@=\count508
\Direction=\count509
\K@dXdY=\dimen320
\K@dYdX=\dimen321
\xyread@=\read5
\xywrite@=\write8
\csp@=\count510
\quotPTK@=\dimen322

utility macros; pictures: \xy, positions,
\swaptoks@@=\toks55
\connectobjectbox@@=\box97
 objects,
\styletoks@=\toks56
 decorations;
kernel objects: directionals, circles, text; options; algorithms: directions,
edges, connections;  Xy-pic loaded)
Package: xy 2013/10/06 Xy-pic version 3.8.9

(C:\Users\Floris\AppData\Local\Programs\MiKTeX\tex/generic/xypic\xycmtip.tex
 Xy-pic option: Computer Modern tip extension v.3.7
(C:\Users\Floris\AppData\Local\Programs\MiKTeX\tex/generic/xypic\xytips.tex
 Xy-pic option: More Tips extension v.3.11 loaded) loaded)
(C:\Users\Floris\AppData\Local\Programs\MiKTeX\tex/generic/xypic\xyall.tex
 Xy-pic option: All features v.3.8
(C:\Users\Floris\AppData\Local\Programs\MiKTeX\tex/generic/xypic\xycurve.tex
 Xy-pic option: Curve and Spline extension v.3.12 curve,
\crv@cnt@=\count511
\crvpts@=\toks57
\splinebox@=\box98
\splineval@=\dimen323
\splinedepth@=\dimen324
\splinetol@=\dimen325
\splinelength@=\dimen326
 circles,
\L@=\dimen327
 loaded)
(C:\Users\Floris\AppData\Local\Programs\MiKTeX\tex/generic/xypic\xyframe.tex
 Xy-pic option: Frame and Bracket extension v.3.14 loaded)
(C:\Users\Floris\AppData\Local\Programs\MiKTeX\tex/generic/xypic\xyline.tex
 Xy-pic option: Line styles extension v.3.10
\xylinethick@=\dimen328
 loaded)
(C:\Users\Floris\AppData\Local\Programs\MiKTeX\tex/generic/xypic\xyrotate.tex
 Xy-pic option: Rotate and Scale extension v.3.8 loaded)
(C:\Users\Floris\AppData\Local\Programs\MiKTeX\tex/generic/xypic\xycolor.tex
 Xy-pic option: Colour extension v.3.11 loaded)
(C:\Users\Floris\AppData\Local\Programs\MiKTeX\tex/generic/xypic\xymatrix.tex
 Xy-pic option: Matrix feature v.3.14
\Row=\count512
\Col=\count513
\queue@=\toks58
\queue@@=\toks59
\qcount@=\count514
\qcount@@=\count515
\matrixsize@=\count516
 loaded)
(C:\Users\Floris\AppData\Local\Programs\MiKTeX\tex/generic/xypic\xyarrow.tex
 Xy-pic option: Arrow and Path feature v.3.9 path, \ar, loaded)
(C:\Users\Floris\AppData\Local\Programs\MiKTeX\tex/generic/xypic\xygraph.tex
 Xy-pic option: Graph feature v.3.11 loaded) loaded)
(C:\Users\Floris\AppData\Local\Programs\MiKTeX\tex/generic/xypic\xy2cell.tex
 Xy-pic option: Two-cell feature v.3.7 two-cells, loaded)
(C:\Users\Floris\AppData\Local\Programs\MiKTeX\tex/generic/xypic\xypdf.tex
 Xy-pic option: PDF driver v.1.7 Xy-pic pdf driver: `color' extension support
(C:\Users\Floris\AppData\Local\Programs\MiKTeX\tex/generic/xypic\xypdf-co.tex
loaded) Xy-pic pdf driver: `curve' extension support
(C:\Users\Floris\AppData\Local\Programs\MiKTeX\tex/generic/xypic\xypdf-cu.tex
loaded) Xy-pic pdf driver: `frame' extension support
(C:\Users\Floris\AppData\Local\Programs\MiKTeX\tex/generic/xypic\xypdf-fr.tex
loaded) Xy-pic pdf driver: `line' extension support
(C:\Users\Floris\AppData\Local\Programs\MiKTeX\tex/generic/xypic\xypdf-li.tex
loaded) Xy-pic pdf driver: `rotate' extension support
(C:\Users\Floris\AppData\Local\Programs\MiKTeX\tex/generic/xypic\xypdf-ro.tex
loaded) loaded))
(C:\Users\Floris\AppData\Local\Programs\MiKTeX\tex/latex/braket\braket.sty))
(tex/Qcircuit.tex
(C:\Users\Floris\AppData\Local\Programs\MiKTeX\tex/generic/xypic\xymatrix.tex
 Xy-pic option: Matrix feature v.3.14 not reloaded)
(C:\Users\Floris\AppData\Local\Programs\MiKTeX\tex/generic/xypic\xyframe.tex
 Xy-pic option: Frame and Bracket extension v.3.14 not reloaded)
(C:\Users\Floris\AppData\Local\Programs\MiKTeX\tex/generic/xypic\xyarrow.tex
 Xy-pic option: Arrow and Path feature v.3.9 not reloaded)
(C:\Users\Floris\AppData\Local\Programs\MiKTeX\tex/generic/xypic\xyarc.tex
 Xy-pic option: Circle, Ellipse, Arc feature v.3.8 circles, ellipses,
elliptical arcs, loaded))
Class scrbook Info: loading recommended package `bookmark'.
(scrbook)           Using `bookmark' together with `hyperref' is recommended,
(scrbook)           because of handling of possible bookmark level gaps.
(scrbook)           You can avoid loading `bookmark' with KOMA-Script option
(scrbook)           `bookmarkpackage=false' before \begin{document} and
(scrbook)           you can avoid this message adding:
(scrbook)             \usepackage{bookmark}
(scrbook)           before \begin{document} on input line 13.

(C:\Users\Floris\AppData\Local\Programs\MiKTeX\tex/latex/bookmark\bookmark.sty
Package: bookmark 2026-05-21 v1.32 PDF bookmarks (HO)

(C:\Users\Floris\AppData\Local\Programs\MiKTeX\tex/latex/bookmark\bkm-pdftex.de
f
File: bkm-pdftex.def 2026-05-21 v1.32 bookmark driver for pdfTeX (HO)
\BKM@id=\count517
))
\@quotelevel=\count518
\@quotereset=\count519
 (Napkin.aux)
\openout1 = `Napkin.aux'.

LaTeX Font Info:    Checking defaults for OML/cmm/m/it on input line 13.
LaTeX Font Info:    ... okay on input line 13.
LaTeX Font Info:    Checking defaults for OMS/cmsy/m/n on input line 13.
LaTeX Font Info:    ... okay on input line 13.
LaTeX Font Info:    Checking defaults for OT1/cmr/m/n on input line 13.
LaTeX Font Info:    ... okay on input line 13.
LaTeX Font Info:    Checking defaults for T1/cmr/m/n on input line 13.
LaTeX Font Info:    ... okay on input line 13.
LaTeX Font Info:    Checking defaults for TS1/cmr/m/n on input line 13.
LaTeX Font Info:    ... okay on input line 13.
LaTeX Font Info:    Checking defaults for OMX/cmex/m/n on input line 13.
LaTeX Font Info:    ... okay on input line 13.
LaTeX Font Info:    Checking defaults for U/cmr/m/n on input line 13.
LaTeX Font Info:    ... okay on input line 13.
LaTeX Font Info:    Checking defaults for PD1/pdf/m/n on input line 13.
LaTeX Font Info:    ... okay on input line 13.
LaTeX Font Info:    Checking defaults for PU/pdf/m/n on input line 13.
LaTeX Font Info:    ... okay on input line 13.
Package scrbase Info: activating english \partname on input line 13.
Package scrbase Info: activating english \chaptername on input line 13.
Package scrbase Info: activating english \appendixname on input line 13.
Package scrbase Info: activating english \figurename on input line 13.
Package scrbase Info: activating english \tablename on input line 13.
Package scrbase Info: activating english \contentsname on input line 13.
Package scrbase Info: activating english \listfigurename on input line 13.
Package scrbase Info: activating english \listtablename on input line 13.
Package scrbase Info: activating english \bibname on input line 13.
Package scrbase Info: activating english \indexname on input line 13.
Package hyperref Info: Link coloring ON on input line 13.

(C:\Users\Floris\AppData\Local\Programs\MiKTeX\tex/context/base/mkii\supp-pdf.m
kii
[Loading MPS to PDF converter (version 2006.09.02).]
\scratchcounter=\count520
\scratchdimen=\dimen329
\scratchbox=\box99
\nofMPsegments=\count521
\nofMParguments=\count522
\everyMPshowfont=\toks60
\MPscratchCnt=\count523
\MPscratchDim=\dimen330
\MPnumerator=\count524
\makeMPintoPDFobject=\count525
\everyMPtoPDFconversion=\toks61
)
(C:\Users\Floris\AppData\Local\Programs\MiKTeX\tex/latex/epstopdf-pkg\epstopdf-
base.sty
Package: epstopdf-base 2020-01-24 v2.11 Base part for package epstopdf
Package epstopdf-base Info: Redefining graphics rule for `.eps' on input line 4
85.

(C:\Users\Floris\AppData\Local\Programs\MiKTeX\tex/latex/00miktex\epstopdf-sys.
cfg
File: epstopdf-sys.cfg 2021/03/18 v2.0 Configuration of epstopdf for MiKTeX
))
LaTeX Info: Redefining \microtypecontext on input line 13.
Package microtype Info: Applying patch `item' on input line 13.
Package microtype Info: Applying patch `toc' on input line 13.
Package microtype Info: Applying patch `eqnum' on input line 13.
Package microtype Info: Applying patch `footnote' on input line 13.
Package microtype Info: Applying patch `verbatim' on input line 13.
LaTeX Info: Redefining \microtypesetup on input line 13.
Package microtype Info: Generating PDF output.
Package microtype Info: Character protrusion enabled (level 2).
Package microtype Info: Using default protrusion set `alltext'.
Package microtype Info: Automatic font expansion enabled (level 2),
(microtype)             stretch: 20, shrink: 20, step: 1, non-selected.
Package microtype Info: Using default expansion set `alltext-nott'.
Package microtype Info: Patching command `\showhyphens'.
Package microtype Info: No adjustment of tracking.
Package microtype Info: No adjustment of interword spacing.
Package microtype Info: No adjustment of character kerning.

(C:\Users\Floris\AppData\Local\Programs\MiKTeX\tex/latex/microtype\mt-cmr.cfg
File: mt-cmr.cfg 2013/05/19 v2.2 microtype config. file: Computer Modern Roman 
(RS)
)
Package biblatex Info: Trying to load language 'english'...
Package biblatex Info: ... file 'english.lbx' found.

(C:\Users\Floris\AppData\Local\Programs\MiKTeX\tex/latex/biblatex/lbx\english.l
bx
File: english.lbx 2025/07/10 v3.21 biblatex localization (PK/MW)
)
Package biblatex Info: Input encoding 'utf8' detected.
Package biblatex Info: Automatic encoding selection.
(biblatex)             Assuming data encoding 'utf8'.
\openout6 = `Napkin.bcf'.

Package biblatex Info: Trying to load bibliographic data...
Package biblatex Info: ... file 'Napkin.bbl' not found.

No file Napkin.bbl.
Package biblatex Info: Reference section=0 on input line 13.
Package biblatex Info: Reference segment=0 on input line 13.
Package minitoc(hints) Info: I0049
(minitoc(hints))             ==> You requested the hints option. 
(minitoc(hints))             Some hints are eventually given below.
Package minitoc(hints) Info: I0043
(minitoc(hints))             --- The KOMAScript scrbook class is loaded. 
(minitoc(hints))             See the minitoc package documentation 
(minitoc(hints))             for specific precautions.
LaTeX Font Info:    Trying to load font information for OT1+lmr on input line 1
3.
(C:\Users\Floris\AppData\Local\Programs\MiKTeX\tex/latex/lm\ot1lmr.fd
File: ot1lmr.fd 2015/05/01 v1.6.1 Font defs for Latin Modern
)
LaTeX Font Info:    Trying to load font information for OML+lmm on input line 1
3.

(C:\Users\Floris\AppData\Local\Programs\MiKTeX\tex/latex/lm\omllmm.fd
File: omllmm.fd 2015/05/01 v1.6.1 Font defs for Latin Modern
)
LaTeX Font Info:    Trying to load font information for OMS+lmsy on input line 
13.

(C:\Users\Floris\AppData\Local\Programs\MiKTeX\tex/latex/lm\omslmsy.fd
File: omslmsy.fd 2015/05/01 v1.6.1 Font defs for Latin Modern
)
LaTeX Font Info:    Trying to load font information for OMX+lmex on input line 
13.

(C:\Users\Floris\AppData\Local\Programs\MiKTeX\tex/latex/lm\omxlmex.fd
File: omxlmex.fd 2015/05/01 v1.6.1 Font defs for Latin Modern
)
LaTeX Font Info:    External font `lmex10' loaded for size
(Font)              <10.95> on input line 13.
LaTeX Font Info:    External font `lmex10' loaded for size
(Font)              <8> on input line 13.
LaTeX Font Info:    External font `lmex10' loaded for size
(Font)              <6> on input line 13.
LaTeX Font Info:    Trying to load font information for U+msa on input line 13.


(C:\Users\Floris\AppData\Local\Programs\MiKTeX\tex/latex/amsfonts\umsa.fd
File: umsa.fd 2013/01/14 v3.01 AMS symbols A
)
(C:\Users\Floris\AppData\Local\Programs\MiKTeX\tex/latex/microtype\mt-msa.cfg
File: mt-msa.cfg 2006/02/04 v1.1 microtype config. file: AMS symbols (a) (RS)
)
LaTeX Font Info:    Trying to load font information for U+msb on input line 13.


(C:\Users\Floris\AppData\Local\Programs\MiKTeX\tex/latex/amsfonts\umsb.fd
File: umsb.fd 2013/01/14 v3.01 AMS symbols B
)
(C:\Users\Floris\AppData\Local\Programs\MiKTeX\tex/latex/microtype\mt-msb.cfg
File: mt-msb.cfg 2005/06/01 v1.0 microtype config. file: AMS symbols (b) (RS)
)
LaTeX Font Info:    Trying to load font information for U+rsfs on input line 13
.

(C:\Users\Floris\AppData\Local\Programs\MiKTeX\tex/latex/jknappen\ursfs.fd
File: ursfs.fd 1998/03/24 rsfs font definition file (jk)
)
LaTeX Font Info:    Trying to load font information for U+stmry on input line 1
3.

(C:\Users\Floris\AppData\Local\Programs\MiKTeX\tex/latex/stmaryrd\ustmry.fd)
LaTeX Font Info:    Trying to load font information for U+wasy on input line 13
.

(C:\Users\Floris\AppData\Local\Programs\MiKTeX\tex/latex/wasysym\uwasy.fd
File: uwasy.fd 2020/01/19 v2.4 Wasy-2 symbol font definitions
)
Package xypdf Info: Line width: 0.39998pt on input line 13.
LaTeX Font Info:    Trying to load font information for T1+lmss on input line 1
8.

(C:\Users\Floris\AppData\Local\Programs\MiKTeX\tex/latex/lm\t1lmss.fd
File: t1lmss.fd 2015/05/01 v1.6.1 Font defs for Latin Modern
)
Package microtype Info: Loading generic protrusion settings for font family
(microtype)             `lmss' (encoding: T1).
(microtype)             For optimal results, create family-specific settings.
(microtype)             See the microtype manual for details.
LaTeX Font Info:    Trying to load font information for T1+lmtt on input line 1
8.

(C:\Users\Floris\AppData\Local\Programs\MiKTeX\tex/latex/lm\t1lmtt.fd
File: t1lmtt.fd 2015/05/01 v1.6.1 Font defs for Latin Modern
)
LaTeX Font Info:    Font shape `T1/lmtt/bx/n' in size <12> not available
(Font)              Font shape `T1/lmtt/b/n' tried instead on input line 18.
Package microtype Info: Loading generic protrusion settings for font family
(microtype)             `lmtt' (encoding: T1).
(microtype)             For optimal results, create family-specific settings.
(microtype)             See the microtype manual for details.
LaTeX Font Info:    External font `lmex10' loaded for size
(Font)              <12> on input line 18.
LaTeX Font Info:    External font `lmex10' loaded for size
(Font)              <14.4> on input line 18.
LaTeX Font Info:    External font `lmex10' loaded for size
(Font)              <10> on input line 18.
LaTeX Font Info:    External font `lmex10' loaded for size
(Font)              <7> on input line 18.
<cover-art.jpg, id=7, 995.72pt x 986.68625pt>
File: cover-art.jpg Graphic file (type jpg)
<use cover-art.jpg>
Package pdftex.def Info: cover-art.jpg  used on input line 21.
(pdftex.def)             Requested size: 418.25555pt x 414.46562pt.

Overfull \hbox (14.0pt too wide) in paragraph at lines 21--23
[] 
 []

[1




{C:/Users/Floris/AppData/Local/MiKTeX/fonts/map/pdftex/pdftex.map}{C:/Users/Flo
ris/AppData/Local/Programs/MiKTeX/fonts/enc/dvips/lm/lm-ec.enc} <./cover-art.jp
g>]
\openout2 = `tex/frontmatter/title-embellishments.aux'.

 (tex/frontmatter/title-embellishments.tex [2



]

LaTeX Warning: Citation 'ref:vakil' on page 3 undefined on input line 7.

<media/kofi4.png, id=22, 451.6875pt x 114.4275pt>
File: media/kofi4.png Graphic file (type png)
<use media/kofi4.png>
Package pdftex.def Info: media/kofi4.png  used on input line 18.
(pdftex.def)             Requested size: 150.86426pt x 38.21864pt.
LaTeX Font Info:    Trying to load font information for TS1+lmr on input line 2
7.
(C:\Users\Floris\AppData\Local\Programs\MiKTeX\tex/latex/lm\ts1lmr.fd
File: ts1lmr.fd 2015/05/01 v1.6.1 Font defs for Latin Modern
)
LaTeX Font Info:    External font `lmex10' loaded for size
(Font)              <5> on input line 36.
 [3{C:/Users/Floris/AppData/Local/Programs/MiKTeX/fonts/enc/dvips/lm/lm-ts1.enc
} <./media/kofi4.png>])
\openout2 = `tex/frontmatter/preface.aux'.

 (tex/frontmatter/preface.tex [4





]
chapter without number
LaTeX Font Info:    Trying to load font information for OT1+lmss on input line 
13.
(C:\Users\Floris\AppData\Local\Programs\MiKTeX\tex/latex/lm\ot1lmss.fd
File: ot1lmss.fd 2015/05/01 v1.6.1 Font defs for Latin Modern
)
Package microtype Info: Loading generic protrusion settings for font family
(microtype)             `lmss' (encoding: OT1).
(microtype)             For optimal results, create family-specific settings.
(microtype)             See the microtype manual for details.

[5{C:/Users/Floris/AppData/Local/Programs/MiKTeX/fonts/enc/dvips/lm/lm-rm.enc}]
LaTeX Font Info:    External font `lmex10' loaded for size
(Font)              <9> on input line 98.

LaTeX Warning: Reference `ch:refs' on page i undefined on input line 151.

[6]

LaTeX Warning: Citation 'ref:55a' on page 7 undefined on input line 198.


LaTeX Warning: Citation 'ref:msci' on page 7 undefined on input line 198.


LaTeX Warning: Citation 'ref:manifolds' on page 7 undefined on input line 199.


LaTeX Warning: Citation 'ref:gathmann' on page 7 undefined on input line 199.


LaTeX Warning: Citation 'ref:18-435' on page 7 undefined on input line 199.


LaTeX Warning: Citation 'ref:etingof' on page 7 undefined on input line 200.


LaTeX Warning: Citation 'ref:145a' on page 7 undefined on input line 200.


LaTeX Warning: Citation 'ref:vakil' on page 7 undefined on input line 200.


LaTeX Warning: Citation 'ref:pugh' on page 7 undefined on input line 201.


LaTeX Warning: Citation 'ref:gorin' on page 7 undefined on input line 201.

) [7]
\openout2 = `tex/frontmatter/advice.aux'.

 (tex/frontmatter/advice.tex [8





]
chapter without number

LaTeX Warning: Reference `ch:sets_functions' on page i undefined on input line 
12.


LaTeX Warning: Reference `ch:sales' on page i undefined on input line 18.


LaTeX Warning: Reference `ch:sales' on page i undefined on input line 23.

(tex/frontmatter/digraph.tex

LaTeX Warning: Reference `ch:group_intro' on page ix undefined on input line 12
.


LaTeX Warning: Reference `ch:homomorphisms_quotient' on page ix undefined on in
put line 12.


LaTeX Warning: Reference `ch:flavors_rings' on page ix undefined on input line 
12.


LaTeX Warning: Hyper reference `part:absalg' on page ix undefined on input line
 12.


LaTeX Warning: Reference `ch:metric_space' on page ix undefined on input line 1
3.


LaTeX Warning: Reference `ch:metric_properties' on page ix undefined on input l
ine 13.


LaTeX Warning: Reference `ch:compactness' on page ix undefined on input line 13
.


LaTeX Warning: Hyper reference `part:basictop' on page ix undefined on input li
ne 13.


LaTeX Warning: Reference `ch:vector_spaces' on page ix undefined on input line 
14.


LaTeX Warning: Reference `ch:duals_adjoint_transposes' on page ix undefined on 
input line 14.


LaTeX Warning: Reference `ch:PID_structure_theorem' on page ix undefined on inp
ut line 14.


LaTeX Warning: Hyper reference `part:linalg' on page ix undefined on input line
 14.


LaTeX Warning: Reference `ch:group_actions' on page ix undefined on input line 
15.


LaTeX Warning: Hyper reference `part:groups' on page ix undefined on input line
 15.


LaTeX Warning: Reference `ch:sylow' on page ix undefined on input line 16.


LaTeX Warning: Hyper reference `ch:sylow' on page ix undefined on input line 16
.


LaTeX Warning: Reference `ch:representations_of_algebras' on page ix undefined 
on input line 17.


LaTeX Warning: Reference `ch:applications' on page ix undefined on input line 1
7.


LaTeX Warning: Hyper reference `part:repth' on page ix undefined on input line 
17.


LaTeX Warning: Reference `ch:quantum_states_and_measurements' on page ix undefi
ned on input line 18.


LaTeX Warning: Reference `ch:shors_algorithm' on page ix undefined on input lin
e 18.


LaTeX Warning: Hyper reference `part:quantum' on page ix undefined on input lin
e 18.


LaTeX Warning: Reference `ch:calc_limits' on page ix undefined on input line 19
.


LaTeX Warning: Reference `ch:riemann_integrals' on page ix undefined on input l
ine 19.


LaTeX Warning: Hyper reference `part:calc' on page ix undefined on input line 1
9.


LaTeX Warning: Reference `ch:holomorphic_functions' on page ix undefined on inp
ut line 20.


LaTeX Warning: Reference `ch:abel_ruffini_theorem' on page ix undefined on inpu
t line 20.


LaTeX Warning: Hyper reference `part:cmplxana' on page ix undefined on input li
ne 20.


LaTeX Warning: Reference `ch:measure_space' on page ix undefined on input line 
21.


LaTeX Warning: Reference `ch:pontryagin' on page ix undefined on input line 21.



LaTeX Warning: Hyper reference `part:measure' on page ix undefined on input lin
e 21.


LaTeX Warning: Reference `ch:multivar_calculus' on page ix undefined on input l
ine 22.


LaTeX Warning: Reference `ch:line_bundles' on page ix undefined on input line 2
2.


LaTeX Warning: Hyper reference `part:diffgeo' on page ix undefined on input lin
e 22.


LaTeX Warning: Reference `ch:algebraic_integers' on page ix undefined on input 
line 23.


LaTeX Warning: Reference `ch:galois_theory' on page ix undefined on input line 
23.


LaTeX Warning: Hyper reference `part:algnt1' on page ix undefined on input line
 23.


LaTeX Warning: Reference `ch:finite_fields' on page ix undefined on input line 
24.


LaTeX Warning: Reference `ch:artin_reciprocity' on page ix undefined on input l
ine 24.


LaTeX Warning: Hyper reference `part:algnt2' on page ix undefined on input line
 24.


LaTeX Warning: Reference `ch:top_constructions' on page ix undefined on input l
ine 25.


LaTeX Warning: Reference `ch:covering_projections' on page ix undefined on inpu
t line 25.


LaTeX Warning: Hyper reference `part:algtop1' on page ix undefined on input lin
e 25.


LaTeX Warning: Reference `ch:cats' on page ix undefined on input line 26.


LaTeX Warning: Reference `ch:abelian_categories' on page ix undefined on input 
line 26.


LaTeX Warning: Hyper reference `part:cats' on page ix undefined on input line 2
6.


LaTeX Warning: Reference `ch:singular_homology' on page ix undefined on input l
ine 27.


LaTeX Warning: Reference `ch:application_of_cohomology' on page ix undefined on
 input line 27.


LaTeX Warning: Hyper reference `part:algtop2' on page ix undefined on input lin
e 27.


LaTeX Warning: Reference `ch:affine_varieties' on page ix undefined on input li
ne 28.


LaTeX Warning: Reference `ch:morphisms_of_varieties' on page ix undefined on in
put line 28.


LaTeX Warning: Hyper reference `part:ag1' on page ix undefined on input line 28
.


LaTeX Warning: Reference `ch:sheaves_and_ringed_spaces' on page ix undefined on
 input line 29.


LaTeX Warning: Reference `ch:morphisms_of_locally_ringed_spaces' on page ix und
efined on input line 29.


LaTeX Warning: Hyper reference `part:ag2' on page ix undefined on input line 29
.


LaTeX Warning: Reference `ch:zorn' on page ix undefined on input line 30.


LaTeX Warning: Reference `ch:break_CH' on page ix undefined on input line 30.


LaTeX Warning: Hyper reference `part:st1' on page ix undefined on input line 30
.

)
Overfull \hbox (2.27318pt too wide) in paragraph at lines 74--34
[][]   
 []

[9]
<media/chili.png, id=80, 96.36pt x 96.36pt>
File: media/chili.png Graphic file (type png)
<use media/chili.png>
Package pdftex.def Info: media/chili.png  used on input line 52.
(pdftex.def)             Requested size: 16.42499pt x 16.42361pt.
File: media/chili.png Graphic file (type png)
<use media/chili.png>
Package pdftex.def Info: media/chili.png  used on input line 53.
(pdftex.def)             Requested size: 16.42499pt x 16.42361pt.


LaTeX Warning: Reference `app:sol' on page i undefined on input line 70.


LaTeX Warning: Reference `app:hints' on page i undefined on input line 70.

<media/abstruse-goose-exercise.png, id=82, 560.0925pt x 428.35031pt>
File: media/abstruse-goose-exercise.png Graphic file (type png)
<use media/abstruse-goose-exercise.png>
Package pdftex.def Info: media/abstruse-goose-exercise.png  used on input line 
73.
(pdftex.def)             Requested size: 398.33858pt x 304.65373pt.

LaTeX Warning: Citation 'img:exercise' on page 10 undefined on input line 74.

[10 <./media/chili.png> <./media/abstruse-goose-exercise.png>]
<media/read-with-pencil.jpg, id=92, 174.4116pt x 246.6816pt>
File: media/read-with-pencil.jpg Graphic file (type jpg)
<use media/read-with-pencil.jpg>
Package pdftex.def Info: media/read-with-pencil.jpg  used on input line 89.
(pdftex.def)             Requested size: 209.12778pt x 295.79057pt.


LaTeX Warning: Citation 'img:read_with_pencil' on page 11 undefined on input li
ne 90.

[11 <./media/read-with-pencil.jpg>]

LaTeX Warning: Reference `ch:sets_functions' on page i undefined on input line 
139.


LaTeX Warning: Reference `ch:sets_functions' on page i undefined on input line 
166.

[12{C:/Users/Floris/AppData/Local/Programs/MiKTeX/fonts/enc/dvips/lm/lm-mathit.
enc}{C:/Users/Floris/AppData/Local/Programs/MiKTeX/fonts/enc/dvips/lm/lm-mathsy
.enc}]

LaTeX Warning: Reference `ch:refs' on page i undefined on input line 236.

) [13] [14




]
\c@temppage=\count526
Package tocbasic Info: character protrusion at toc deactivated on input line 39
.

No file Napkin.toc.
\tf@toc=\write9
\openout9 = `Napkin.toc'.

Output from handle tex/backmatter/all-hints going to tex/backmatter/all-hints.o
ut
\tex/backmatter/all-hints@file=\write10
\openout10 = `tex/backmatter/all-hints.out'.

Output from handle tex/backmatter/all-solns going to tex/backmatter/all-solns.o
ut
\tex/backmatter/all-solns@file=\write11
\openout11 = `tex/backmatter/all-solns.out'.

[15






] [16


]
part I.
Package scrkbase Info: You've told me to use the font selection of the element
(scrkbase)             `partprefix' that is an alias of element `partnumber'
(scrkbase)              on input line 44.
[17]
Package minitoc Info: I0006
(minitoc)             Napkin.ptc1 is empty on input line 47.
\openout2 = `tex/frontmatter/salespitch.aux'.

 (tex/frontmatter/salespitch.tex [18



]
chapter 0.
(tex/frontmatter/digraph.tex

LaTeX Warning: Reference `ch:group_intro' on page 19 undefined on input line 12
.


LaTeX Warning: Reference `ch:homomorphisms_quotient' on page 19 undefined on in
put line 12.


LaTeX Warning: Reference `ch:flavors_rings' on page 19 undefined on input line 
12.


LaTeX Warning: Hyper reference `part:absalg' on page 19 undefined on input line
 12.


LaTeX Warning: Reference `ch:metric_space' on page 19 undefined on input line 1
3.


LaTeX Warning: Reference `ch:metric_properties' on page 19 undefined on input l
ine 13.


LaTeX Warning: Reference `ch:compactness' on page 19 undefined on input line 13
.


LaTeX Warning: Hyper reference `part:basictop' on page 19 undefined on input li
ne 13.


LaTeX Warning: Reference `ch:vector_spaces' on page 19 undefined on input line 
14.


LaTeX Warning: Reference `ch:duals_adjoint_transposes' on page 19 undefined on 
input line 14.


LaTeX Warning: Reference `ch:PID_structure_theorem' on page 19 undefined on inp
ut line 14.


LaTeX Warning: Hyper reference `part:linalg' on page 19 undefined on input line
 14.


LaTeX Warning: Reference `ch:group_actions' on page 19 undefined on input line 
15.


LaTeX Warning: Hyper reference `part:groups' on page 19 undefined on input line
 15.


LaTeX Warning: Reference `ch:sylow' on page 19 undefined on input line 16.


LaTeX Warning: Hyper reference `ch:sylow' on page 19 undefined on input line 16
.


LaTeX Warning: Reference `ch:representations_of_algebras' on page 19 undefined 
on input line 17.


LaTeX Warning: Reference `ch:applications' on page 19 undefined on input line 1
7.


LaTeX Warning: Hyper reference `part:repth' on page 19 undefined on input line 
17.


LaTeX Warning: Reference `ch:quantum_states_and_measurements' on page 19 undefi
ned on input line 18.


LaTeX Warning: Reference `ch:shors_algorithm' on page 19 undefined on input lin
e 18.


LaTeX Warning: Hyper reference `part:quantum' on page 19 undefined on input lin
e 18.


LaTeX Warning: Reference `ch:calc_limits' on page 19 undefined on input line 19
.


LaTeX Warning: Reference `ch:riemann_integrals' on page 19 undefined on input l
ine 19.


LaTeX Warning: Hyper reference `part:calc' on page 19 undefined on input line 1
9.


LaTeX Warning: Reference `ch:holomorphic_functions' on page 19 undefined on inp
ut line 20.


LaTeX Warning: Reference `ch:abel_ruffini_theorem' on page 19 undefined on inpu
t line 20.


LaTeX Warning: Hyper reference `part:cmplxana' on page 19 undefined on input li
ne 20.


LaTeX Warning: Reference `ch:measure_space' on page 19 undefined on input line 
21.


LaTeX Warning: Reference `ch:pontryagin' on page 19 undefined on input line 21.



LaTeX Warning: Hyper reference `part:measure' on page 19 undefined on input lin
e 21.


LaTeX Warning: Reference `ch:multivar_calculus' on page 19 undefined on input l
ine 22.


LaTeX Warning: Reference `ch:line_bundles' on page 19 undefined on input line 2
2.


LaTeX Warning: Hyper reference `part:diffgeo' on page 19 undefined on input lin
e 22.


LaTeX Warning: Reference `ch:algebraic_integers' on page 19 undefined on input 
line 23.


LaTeX Warning: Reference `ch:galois_theory' on page 19 undefined on input line 
23.


LaTeX Warning: Hyper reference `part:algnt1' on page 19 undefined on input line
 23.


LaTeX Warning: Reference `ch:finite_fields' on page 19 undefined on input line 
24.


LaTeX Warning: Reference `ch:artin_reciprocity' on page 19 undefined on input l
ine 24.


LaTeX Warning: Hyper reference `part:algnt2' on page 19 undefined on input line
 24.


LaTeX Warning: Reference `ch:top_constructions' on page 19 undefined on input l
ine 25.


LaTeX Warning: Reference `ch:covering_projections' on page 19 undefined on inpu
t line 25.


LaTeX Warning: Hyper reference `part:algtop1' on page 19 undefined on input lin
e 25.


LaTeX Warning: Reference `ch:cats' on page 19 undefined on input line 26.


LaTeX Warning: Reference `ch:abelian_categories' on page 19 undefined on input 
line 26.


LaTeX Warning: Hyper reference `part:cats' on page 19 undefined on input line 2
6.


LaTeX Warning: Reference `ch:singular_homology' on page 19 undefined on input l
ine 27.


LaTeX Warning: Reference `ch:application_of_cohomology' on page 19 undefined on
 input line 27.


LaTeX Warning: Hyper reference `part:algtop2' on page 19 undefined on input lin
e 27.


LaTeX Warning: Reference `ch:affine_varieties' on page 19 undefined on input li
ne 28.


LaTeX Warning: Reference `ch:morphisms_of_varieties' on page 19 undefined on in
put line 28.


LaTeX Warning: Hyper reference `part:ag1' on page 19 undefined on input line 28
.


LaTeX Warning: Reference `ch:sheaves_and_ringed_spaces' on page 19 undefined on
 input line 29.


LaTeX Warning: Reference `ch:morphisms_of_locally_ringed_spaces' on page 19 und
efined on input line 29.


LaTeX Warning: Hyper reference `part:ag2' on page 19 undefined on input line 29
.


LaTeX Warning: Reference `ch:zorn' on page 19 undefined on input line 30.


LaTeX Warning: Reference `ch:break_CH' on page 19 undefined on input line 30.


LaTeX Warning: Hyper reference `part:st1' on page 19 undefined on input line 30
.

)
Overfull \hbox (2.27318pt too wide) in paragraph at lines 74--13
[][]   
 []


LaTeX Warning: Reference `part:startout' on page 19 undefined on input line 16.



LaTeX Warning: Reference `part:startout' on page 19 undefined on input line 16.



LaTeX Warning: Reference `part:absalg' on page 19 undefined on input line 30.


LaTeX Warning: Reference `part:absalg' on page 19 undefined on input line 30.

[19]

LaTeX Warning: Reference `part:basictop' on page 20 undefined on input line 50.



LaTeX Warning: Reference `part:basictop' on page 20 undefined on input line 50.



LaTeX Warning: Reference `part:linalg' on page 20 undefined on input line 69.


LaTeX Warning: Reference `part:linalg' on page 20 undefined on input line 69.


LaTeX Warning: Reference `part:groups' on page 20 undefined on input line 101.


LaTeX Warning: Reference `part:groups' on page 20 undefined on input line 101.


LaTeX Warning: Reference `part:repth' on page 20 undefined on input line 108.


LaTeX Warning: Reference `part:repth' on page 20 undefined on input line 108.

[20]

LaTeX Warning: Reference `part:quantum' on page 21 undefined on input line 140.



LaTeX Warning: Reference `part:quantum' on page 21 undefined on input line 140.



LaTeX Warning: Reference `part:calc' on page 21 undefined on input line 147.


LaTeX Warning: Reference `part:calc' on page 21 undefined on input line 147.


LaTeX Warning: Reference `part:cmplxana' on page 21 undefined on input line 168
.


LaTeX Warning: Reference `part:cmplxana' on page 21 undefined on input line 168
.

[21]

LaTeX Warning: Reference `part:measure' on page 22 undefined on input line 190.



LaTeX Warning: Reference `part:measure' on page 22 undefined on input line 190.



LaTeX Warning: Reference `part:prob' on page 22 undefined on input line 211.


LaTeX Warning: Reference `part:prob' on page 22 undefined on input line 211.


LaTeX Warning: Reference `part:diffgeo' on page 22 undefined on input line 221.



LaTeX Warning: Reference `part:diffgeo' on page 22 undefined on input line 221.



LaTeX Warning: Reference `part:algnt1' on page 22 undefined on input line 237.


LaTeX Warning: Reference `part:algnt1' on page 22 undefined on input line 237.


LaTeX Warning: Reference `part:algnt2' on page 22 undefined on input line 252.


LaTeX Warning: Reference `part:algnt2' on page 22 undefined on input line 252.

[22{C:/Users/Floris/AppData/Local/Programs/MiKTeX/fonts/enc/dvips/lm/lm-mathex.
enc}]

LaTeX Warning: Reference `part:algtop1' on page 23 undefined on input line 267.



LaTeX Warning: Reference `part:algtop1' on page 23 undefined on input line 267.



LaTeX Warning: Reference `part:cats' on page 23 undefined on input line 288.


LaTeX Warning: Reference `part:cats' on page 23 undefined on input line 288.


LaTeX Warning: Reference `part:algtop2' on page 23 undefined on input line 313.



LaTeX Warning: Reference `part:algtop2' on page 23 undefined on input line 313.



LaTeX Warning: Reference `part:ag1' on page 23 undefined on input line 326.


LaTeX Warning: Reference `part:ag1' on page 23 undefined on input line 326.

[23]

LaTeX Warning: Reference `part:ag2' on page 24 undefined on input line 338.


LaTeX Warning: Reference `part:ag2' on page 24 undefined on input line 338.


LaTeX Warning: Reference `part:st1' on page 24 undefined on input line 359.


LaTeX Warning: Reference `part:st1' on page 24 undefined on input line 359.


LaTeX Warning: Reference `part:st2' on page 24 undefined on input line 372.


LaTeX Warning: Reference `part:st2' on page 24 undefined on input line 372.

) [24]
\openout2 = `tex/H113/grp-intro.aux'.

 (tex/H113/grp-intro.tex
chapter 1.
Package hyperref Info: bookmark level for unknown example defaults to 0 on inpu
t line 15.
Package hyperref Info: bookmark level for unknown definition defaults to 0 on i
nput line 45.
Package hyperref Info: bookmark level for unknown remark defaults to 0 on input
 line 60.
[25





]
Underfull \vbox (badness 10000) has occurred while \output is active []

 [26]
Package hyperref Info: bookmark level for unknown ques defaults to 0 on input l
ine 140.

Underfull \vbox (badness 10000) has occurred while \output is active []

 [27]
\openout4 = `asy/Napkin-1A.asy'.



Package asymptote Warning: file `asy/Napkin-1A.pdf' not found on input line 224
.

Package hyperref Info: bookmark level for unknown exercise defaults to 0 on inp
ut line 253.
Package hyperref Info: bookmark level for unknown abuse defaults to 0 on input 
line 267.
[28]

LaTeX Warning: Reference `def:group' on page 1 undefined on input line 291.

Package hyperref Info: bookmark level for unknown fact defaults to 0 on input l
ine 296.
Package hyperref Info: bookmark level for unknown proposition defaults to 0 on 
input line 315.
Package hyperref Info: bookmark level for unknown lemma defaults to 0 on input 
line 329.

LaTeX Warning: Reference `ch:sets_functions' on page 1 undefined on input line 
337.


LaTeX Warning: Reference `def:mult_mod_p' on page 1 undefined on input line 340
.

[29] [30] [31]

LaTeX Warning: Reference `def:cyclic_group' on page 1 undefined on input line 4
90.

[32]
Package hyperref Info: bookmark level for unknown theorem defaults to 0 on inpu
t line 521.


LaTeX Warning: Reference `thm:lagrange_grp' on page 1 undefined on input line 5
26.


LaTeX Warning: Reference `def:product_group' on page 1 undefined on input line 
556.

[33] [34]

LaTeX Warning: Reference `thm:cayley_theorem' on page 1 undefined on input line
 686.

Package hyperref Info: bookmark level for unknown problem defaults to 0 on inpu
t line 692.

LaTeX Warning: Citation 'img:snsd' on page 35 undefined on input line 692.

<media/love-proper-isomorphic-subgroup.jpg, id=361, 374.14781pt x 526.96875pt>
File: media/love-proper-isomorphic-subgroup.jpg Graphic file (type jpg)
<use media/love-proper-isomorphic-subgroup.jpg>
Package pdftex.def Info: media/love-proper-isomorphic-subgroup.jpg  used on inp
ut line 694.
(pdftex.def)             Requested size: 161.61116pt x 227.62204pt.

Underfull \vbox (badness 1540) has occurred while \output is active []

 [35]
Package hyperref Info: bookmark level for unknown sproblem defaults to 0 on inp
ut line 741.
Package hyperref Info: bookmark level for unknown dproblem defaults to 0 on inp
ut line 760.
File: media/chili.png Graphic file (type png)
<use media/chili.png>
Package pdftex.def Info: media/chili.png  used on input line 760.
(pdftex.def)             Requested size: 16.42499pt x 16.42361pt.
File: media/chili.png Graphic file (type png)
<use media/chili.png>
Package pdftex.def Info: media/chili.png  used on input line 783.
(pdftex.def)             Requested size: 16.42499pt x 16.42361pt.
File: media/chili.png Graphic file (type png)
<use media/chili.png>
Package pdftex.def Info: media/chili.png  used on input line 808.
(pdftex.def)             Requested size: 16.42499pt x 16.42361pt.
File: media/chili.png Graphic file (type png)
<use media/chili.png>
Package pdftex.def Info: media/chili.png  used on input line 808.
(pdftex.def)             Requested size: 16.42499pt x 16.42361pt.
File: media/chili.png Graphic file (type png)
<use media/chili.png>
Package pdftex.def Info: media/chili.png  used on input line 830.
(pdftex.def)             Requested size: 16.42499pt x 16.42361pt.
)
[36 <./media/love-proper-isomorphic-subgroup.jpg>]
\openout2 = `tex/topology/metric-top.aux'.

 (tex/topology/metric-top.tex
chapter 2.
[37





]
Underfull \vbox (badness 10000) has occurred while \output is active []

 [38]
\openout4 = `asy/Napkin-2A.asy'.



Package asymptote Warning: file `asy/Napkin-2A.pdf' not found on input line 163
.

[39] [40]
\openout4 = `asy/Napkin-2B.asy'.



Package asymptote Warning: file `asy/Napkin-2B.pdf' not found on input line 327
.

[41] [42]

LaTeX Warning: Reference `prob:subtract_divide' on page 1 undefined on input li
ne 446.

\openout4 = `asy/Napkin-2C.asy'.


Package asymptote Warning: file `asy/Napkin-2C.pdf' not found on input line 480
.

[43]
\openout4 = `asy/Napkin-2D.asy'.



Package asymptote Warning: file `asy/Napkin-2D.pdf' not found on input line 519
.


Underfull \vbox (badness 4048) has occurred while \output is active []

 [44]
\openout4 = `asy/Napkin-2E.asy'.



Package asymptote Warning: file `asy/Napkin-2E.pdf' not found on input line 605
.

[45]

LaTeX Warning: Reference `ch:top_more' on page 1 undefined on input line 692.


pdfTeX warning (ext4): destination with the same identifier (name{problem.1}) h
as been already used, duplicate ignored
<to be read again> 
                   \relax 
l.712 	L
        et $M = (M,d)$ be a metric space.
pdfTeX warning (ext4): destination with the same identifier (name{problem.2}) h
as been already used, duplicate ignored
<to be read again> 
                   \relax 
l.719   C
         onsider $\QQ$ and $\NN$ as metric spaces (each with the obvious met...

pdfTeX warning (ext4): destination with the same identifier (name{problem.3}) h
as been already used, duplicate ignored
<to be read again> 
                   \relax 
l.745 	[Continuity of arithmetic continued]
                                           
pdfTeX warning (ext4): destination with the same identifier (name{problem.5}) h
as been already used, duplicate ignored
<to be read again> 
                   \relax 
l.799 	\twochili
                
File: media/chili.png Graphic file (type png)
<use media/chili.png>
Package pdftex.def Info: media/chili.png  used on input line 799.
(pdftex.def)             Requested size: 16.42499pt x 16.42361pt.
File: media/chili.png Graphic file (type png)
<use media/chili.png>
Package pdftex.def Info: media/chili.png  used on input line 799.
(pdftex.def)             Requested size: 16.42499pt x 16.42361pt.
 [46]) [47] [48




]
part II.
Package scrkbase Info: You've told me to use the font selection of the element
(scrkbase)             `partprefix' that is an alias of element `partnumber'
(scrkbase)              on input line 52.
[49]
Package minitoc Info: I0006
(minitoc)             Napkin.ptc2 is empty on input line 55.
\openout2 = `tex/H113/quotient.aux'.

 (tex/H113/quotient.tex [50



]
chapter 3.
[51] [52] [53]

LaTeX Warning: Citation 'ref:gowers' on page 54 undefined on input line 230.

[54] [55]
\openout4 = `asy/Napkin-3A.asy'.



Package asymptote Warning: file `asy/Napkin-3A.pdf' not found on input line 348
.


LaTeX Warning: Reference `remark:coset_warning' on page 1 undefined on input li
ne 382.

[56]

LaTeX Warning: Reference `remark:coset_warning' on page 1 undefined on input li
ne 436.

[57]
Package hyperref Info: bookmark level for unknown claim defaults to 0 on input 
line 491.
 [58]
Underfull \vbox (badness 10000) has occurred while \output is active []

 [59]
pdfTeX warning (ext4): destination with the same identifier (name{theorem.1}) h
as been already used, duplicate ignored
<to be read again> 
                   \relax 
l.583 	[First isomorphism theorem]
                                  
pdfTeX warning (ext4): destination with the same identifier (name{problem.1}) h
as been already used, duplicate ignored
<to be read again> 
                   \relax 
l.604 	[18.701 at MIT]
                      
pdfTeX warning (ext4): destination with the same identifier (name{problem.2}) h
as been already used, duplicate ignored
<to be read again> 
                   \relax 
l.616 	C
        onsider the dihedral group $G = D_{10}$.
pdfTeX warning (ext4): destination with the same identifier (name{problem.3}) h
as been already used, duplicate ignored
<to be read again> 
                   \relax 
l.639 	D
        oes $S_4$ have a normal subgroup of order $3$?
pdfTeX warning (ext4): destination with the same identifier (name{problem.4}) h
as been already used, duplicate ignored
<to be read again> 
                   \relax 
l.653 	L
        et $G$ and $H$ be finite groups, where $\left\lvert G \right\rvert =...

pdfTeX warning (ext4): destination with the same identifier (name{problem.5}) h
as been already used, duplicate ignored
<to be read again> 
                   \relax 
l.670 	L
        et $\CC^\times$ denote the nonzero complex numbers under multiplicat...

pdfTeX warning (ext4): destination with the same identifier (name{problem.6}) h
as been already used, duplicate ignored
<to be read again> 
                   \relax 
l.677 	\onechili
                
File: media/chili.png Graphic file (type png)
<use media/chili.png>
Package pdftex.def Info: media/chili.png  used on input line 677.
(pdftex.def)             Requested size: 16.42499pt x 16.42361pt.

pdfTeX warning (ext4): destination with the same identifier (name{problem.7}) h
as been already used, duplicate ignored
<to be read again> 
                   \relax 
l.690 	[PRIMES entrance exam, 2018]
                                   
File: media/chili.png Graphic file (type png)
<use media/chili.png>
Package pdftex.def Info: media/chili.png  used on input line 691.
(pdftex.def)             Requested size: 16.42499pt x 16.42361pt.
 [60]
pdfTeX warning (ext4): destination with the same identifier (name{problem.8}) h
as been already used, duplicate ignored
<to be read again> 
                   \relax 
l.740 	[Homophony group]
                        
File: media/chili.png Graphic file (type png)
<use media/chili.png>
Package pdftex.def Info: media/chili.png  used on input line 741.
(pdftex.def)             Requested size: 16.42499pt x 16.42361pt.
) [61]
\openout2 = `tex/H113/ring-intro.aux'.

 (tex/H113/ring-intro.tex [62





]
chapter 4.
[63] [64]
Underfull \vbox (badness 10000) has occurred while \output is active []

 [65]
[66] [67] [68]

LaTeX Warning: Reference `exer:field_ideal' on page 1 undefined on input line 4
88.

[69] [70] [71]
Underfull \vbox (badness 3058) has occurred while \output is active []

 [72]
pdfTeX warning (ext4): destination with the same identifier (name{problem.1}) h
as been already used, duplicate ignored
<to be read again> 
                   \relax 
l.723 	T
        he ring $R = \RR[x] / (x^2+1)$ is one that you've seen before.
pdfTeX warning (ext4): destination with the same identifier (name{problem.2}) h
as been already used, duplicate ignored
<to be read again> 
                   \relax 
l.736 	S
        how that $\CC[x] / (x^2-x) \cong \CC \times \CC$.
pdfTeX warning (ext4): destination with the same identifier (name{problem.3}) h
as been already used, duplicate ignored
<to be read again> 
                   \relax 
l.758 	I
        n the ring $\ZZ$, let $I = (2016)$ and $J = (30)$.
pdfTeX warning (ext4): destination with the same identifier (name{problem.5}) h
as been already used, duplicate ignored
<to be read again> 
                   \relax 
l.773 	L
        et $R$ be a ring.
pdfTeX warning (ext4): destination with the same identifier (name{problem.6}) h
as been already used, duplicate ignored
<to be read again> 
                   \relax 
l.803 	\onechili
                
File: media/chili.png Graphic file (type png)
<use media/chili.png>
Package pdftex.def Info: media/chili.png  used on input line 803.
(pdftex.def)             Requested size: 16.42499pt x 16.42361pt.


LaTeX Warning: Reference `thm:hilbert_basis' on page 1 undefined on input line 
804.


pdfTeX warning (ext4): destination with the same identifier (name{problem.7}) h
as been already used, duplicate ignored
<to be read again> 
                   \relax 
l.808 	[USA Team Selection Test 2016]
                                      [73]
pdfTeX warning (ext4): destination with the same identifier (name{problem.8}) h
as been already used, duplicate ignored
<to be read again> 
                   \relax 
l.823 	[Akizuki's Theorem]
                          
File: media/chili.png Graphic file (type png)
<use media/chili.png>
Package pdftex.def Info: media/chili.png  used on input line 824.
(pdftex.def)             Requested size: 16.42499pt x 16.42361pt.
File: media/chili.png Graphic file (type png)
<use media/chili.png>
Package pdftex.def Info: media/chili.png  used on input line 824.
(pdftex.def)             Requested size: 16.42499pt x 16.42361pt.


LaTeX Warning: Reference `prob:artinian' on page 1 undefined on input line 833.


) [74]
\openout2 = `tex/H113/ring-flavors.aux'.

 (tex/H113/ring-flavors.tex
chapter 5.
[75





] [76]

LaTeX Warning: Reference `thm:prime_ideal_quotient' on page 1 undefined on inpu
t line 154.


pdfTeX warning (ext4): destination with the same identifier (name{theorem.5}) h
as been already used, duplicate ignored
<to be read again> 
                   \relax 
l.177 ...ideal $\iff$ quotient is integral domain]
                                                  

LaTeX Warning: Reference `thm:max_ideal_quotient' on page 1 undefined on input 
line 216.


LaTeX Warning: Reference `thm:max_ideal_quotient' on page 1 undefined on input 
line 218.

[77]
pdfTeX warning (ext4): destination with the same identifier (name{theorem.4}) h
as been already used, duplicate ignored
<to be read again> 
                   \relax 
l.228 	[$I$ maximal $\iff$ $R/I$ field]
                                       

LaTeX Warning: Reference `prob:inclusion_preserving' on page 1 undefined on inp
ut line 234.

Package hyperref Info: bookmark level for unknown corollary defaults to 0 on in
put line 238.
[78] [79]

LaTeX Warning: Reference `part:algnt1' on page 1 undefined on input line 381.


pdfTeX warning (ext4): destination with the same identifier (name{theorem.4}) h
as been already used, duplicate ignored
<to be read again> 
                   \relax 
l.392 	L
        et $R$ be a PID. Then $R$ is a UFD. [80]
\openout4 = `asy/Napkin-5A.asy'.



Package asymptote Warning: file `asy/Napkin-5A.pdf' not found on input line 473
.

[81]

LaTeX Warning: Reference `sec:norms_traces' on page 1 undefined on input line 4
85.

\openout4 = `asy/Napkin-5B.asy'.


Package asymptote Warning: file `asy/Napkin-5B.pdf' not found on input line 570
.


Underfull \vbox (badness 7133) has occurred while \output is active []

 [82]
\openout4 = `asy/Napkin-5C.asy'.



Package asymptote Warning: file `asy/Napkin-5C.pdf' not found on input line 669
.

\openout4 = `asy/Napkin-5D.asy'.


Package asymptote Warning: file `asy/Napkin-5D.pdf' not found on input line 687
.

[83]
\openout4 = `asy/Napkin-5E.asy'.



Package asymptote Warning: file `asy/Napkin-5E.pdf' not found on input line 719
.


pdfTeX warning (ext4): destination with the same identifier (name{problem.1}) h
as been already used, duplicate ignored
<to be read again> 
                   \relax 
l.754 	C
        onsider the ring [84]
pdfTeX warning (ext4): destination with the same identifier (name{problem.2}) h
as been already used, duplicate ignored
<to be read again> 
                   \relax 
l.763 	[Homomorphisms from fields are injective]
                                                
File: media/chili.png Graphic file (type png)
<use media/chili.png>
Package pdftex.def Info: media/chili.png  used on input line 795.
(pdftex.def)             Requested size: 16.42499pt x 16.42361pt.


LaTeX Warning: Reference `ch:zorn' on page 1 undefined on input line 826.


pdfTeX warning (ext4): destination with the same identifier (name{problem.6}) h
as been already used, duplicate ignored
<to be read again> 
                   \relax 
l.842 	[{$\Spec k[x]$}]
                       
pdfTeX warning (ext4): destination with the same identifier (name{problem.8}) h
as been already used, duplicate ignored
<to be read again> 
                   \relax 
l.890 	L
        et $R$ denote the set of rational numbers $q$ such that,
pdfTeX warning (ext4): destination with the same identifier (name{problem.9}) h
as been already used, duplicate ignored
<to be read again> 
                   \relax 
l.903 	R
        ecall from \Cref{prob:akizuki} that a ring $R$ is \vocab{Artinian}

LaTeX Warning: Reference `prob:akizuki' on page 1 undefined on input line 903.

) [85] [86




]
part III.
Package scrkbase Info: You've told me to use the font selection of the element
(scrkbase)             `partprefix' that is an alias of element `partnumber'
(scrkbase)              on input line 59.
[87]
Package minitoc Info: I0006
(minitoc)             Napkin.ptc3 is empty on input line 62.
\openout2 = `tex/topology/metric-prop.aux'.

 (tex/topology/metric-prop.tex [88



]
chapter 6.

LaTeX Warning: Citation 'ref:pugh' on page 89 undefined on input line 15.

[89]
\openout4 = `asy/Napkin-6A.asy'.



Package asymptote Warning: file `asy/Napkin-6A.pdf' not found on input line 79.


[90]
pdfTeX warning (ext4): destination with the same identifier (name{theorem.6}) h
as been already used, duplicate ignored
<to be read again> 
                   \relax 
l.173 	[Completion]
                   

LaTeX Warning: Reference `prob:completion' on page 1 undefined on input line 17
8.


Underfull \vbox (badness 10000) has occurred while \output is active []

 [91]

LaTeX Warning: Reference `ch:top_more' on page 1 undefined on input line 316.

[92]
pdfTeX warning (ext4): destination with the same identifier (name{problem.2}) h
as been already used, duplicate ignored
<to be read again> 
                   \relax 
l.364 ...kexchange.com/a/3051746/229197}{math.SE}]
                                                  
File: media/chili.png Graphic file (type png)
<use media/chili.png>
Package pdftex.def Info: media/chili.png  used on input line 412.
(pdftex.def)             Requested size: 16.42499pt x 16.42361pt.

pdfTeX warning (ext4): destination with the same identifier (name{problem.4}) h
as been already used, duplicate ignored
<to be read again> 
                   \relax 
l.427 	S
        how that a metric space is totally bounded
pdfTeX warning (ext4): destination with the same identifier (name{problem.5}) h
as been already used, duplicate ignored
<to be read again> 
                   \relax 
l.435 	\threechili
                  
File: media/chili.png Graphic file (type png)
<use media/chili.png>
Package pdftex.def Info: media/chili.png  used on input line 435.
(pdftex.def)             Requested size: 16.42499pt x 16.42361pt.
File: media/chili.png Graphic file (type png)
<use media/chili.png>
Package pdftex.def Info: media/chili.png  used on input line 435.
(pdftex.def)             Requested size: 16.42499pt x 16.42361pt.
File: media/chili.png Graphic file (type png)
<use media/chili.png>
Package pdftex.def Info: media/chili.png  used on input line 435.
(pdftex.def)             Requested size: 16.42499pt x 16.42361pt.
) [93]
\openout2 = `tex/topology/top-more.aux'.

 (tex/topology/top-more.tex [94





]
chapter 7.

LaTeX Warning: Reference `ch:metric_space' on page 1 undefined on input line 4.



LaTeX Warning: Reference `ex:fishy' on page 1 undefined on input line 11.


LaTeX Warning: Reference `thm:open_set' on page 1 undefined on input line 40.

[95]
\openout4 = `asy/Napkin-7A.asy'.



Package asymptote Warning: file `asy/Napkin-7A.pdf' not found on input line 104
.

[96]

LaTeX Warning: Reference `ex:fishy' on page 1 undefined on input line 207.

[97]
\openout4 = `asy/Napkin-7B.asy'.



Package asymptote Warning: file `asy/Napkin-7B.pdf' not found on input line 262
.

\openout4 = `asy/Napkin-7C.asy'.


Package asymptote Warning: file `asy/Napkin-7C.pdf' not found on input line 300
.


LaTeX Warning: Reference `prob:disconnected_better_def' on page 1 undefined on 
input line 328.

[98]
\openout4 = `asy/Napkin-7D.asy'.



Package asymptote Warning: file `asy/Napkin-7D.pdf' not found on input line 390
.

[99]
\openout4 = `asy/Napkin-7E.asy'.



Package asymptote Warning: file `asy/Napkin-7E.pdf' not found on input line 444
.

\openout4 = `asy/Napkin-7F.asy'.


Package asymptote Warning: file `asy/Napkin-7F.pdf' not found on input line 461
.


Overfull \hbox (9.92279pt too wide) in paragraph at lines 502--504
[]\T1/lmr/m/n/10.95 (-20) Animated pic-ture: [][]$\T1/lmtt/m/n/10.95 https : / 
/ commons . wikimedia . org / wiki / File : HomotopySmall . gif$[][]\T1/lmr/m/n
/10.95 (-20) .
 []

\openout4 = `asy/Napkin-7G.asy'.


Package asymptote Warning: file `asy/Napkin-7G.pdf' not found on input line 522
.

[100]
pdfTeX warning (ext4): destination with the same identifier (name{theorem.4}) h
as been already used, duplicate ignored
<to be read again> 
                   \relax 
l.572 \begin{theorem}[Basis of metric spaces]
                                              [101]
pdfTeX warning (ext4): destination with the same identifier (name{problem.3}) h
as been already used, duplicate ignored
<to be read again> 
                   \relax 
l.605 	[Hausdorff implies $T_1$ axiom]
                                      
pdfTeX warning (ext4): destination with the same identifier (name{problem.4}) h
as been already used, duplicate ignored
<to be read again> 
                   \relax 
l.611 	[\cite{ref:pugh}, Exercise 2.56]
                                       

LaTeX Warning: Citation 'ref:pugh' on page 102 undefined on input line 611.


pdfTeX warning (ext4): destination with the same identifier (name{problem.5}) h
as been already used, duplicate ignored
<to be read again> 
                   \relax 
l.623 	L
        et $X$ be a topological space.
pdfTeX warning (ext4): destination with the same identifier (name{problem.6}) h
as been already used, duplicate ignored
<to be read again> 
                   \relax 
l.654 \begin{problem}[Furstenberg]
                                  
pdfTeX warning (ext4): destination with the same identifier (name{problem.7}) h
as been already used, duplicate ignored
<to be read again> 
                   \relax 
l.673 	\onechili
                
File: media/chili.png Graphic file (type png)
<use media/chili.png>
Package pdftex.def Info: media/chili.png  used on input line 673.
(pdftex.def)             Requested size: 16.42499pt x 16.42361pt.

pdfTeX warning (ext4): destination with the same identifier (name{problem.8}) h
as been already used, duplicate ignored
<to be read again> 
                   \relax 
l.697 	\onechili
                
File: media/chili.png Graphic file (type png)
<use media/chili.png>
Package pdftex.def Info: media/chili.png  used on input line 697.
(pdftex.def)             Requested size: 16.42499pt x 16.42361pt.
) [102]
\openout2 = `tex/topology/compactness.aux'.

 (tex/topology/compactness.tex
chapter 8.

LaTeX Warning: Reference `thm:bzw' on page 1 undefined on input line 6.


LaTeX Warning: Reference `fig:hawaiian' on page 1 undefined on input line 70.

[103





]
\openout4 = `asy/Napkin-8A.asy'.



Package asymptote Warning: file `asy/Napkin-8A.pdf' not found on input line 79.



pdfTeX warning (ext4): destination with the same identifier (name{theorem.1}) h
as been already used, duplicate ignored
<to be read again> 
                   \relax 
l.103 	[Tychonoff's theorem]
                            

LaTeX Warning: Reference `prob:tychonoff' on page 1 undefined on input line 108
.


LaTeX Warning: Reference `thm:bzw' on page 1 undefined on input line 117.


pdfTeX warning (ext4): destination with the same identifier (name{theorem.3}) h
as been already used, duplicate ignored
<to be read again> 
                   \relax 
l.131 \begin{theorem}[Bolzano-Weierstra\ss]
                                            [104]

LaTeX Warning: Reference `thm:bzw' on page 1 undefined on input line 154.

\openout4 = `asy/Napkin-8B.asy'.


Package asymptote Warning: file `asy/Napkin-8B.pdf' not found on input line 200
.

[105]
\openout4 = `asy/Napkin-8C.asy'.



Package asymptote Warning: file `asy/Napkin-8C.pdf' not found on input line 241
.


pdfTeX warning (ext4): destination with the same identifier (name{theorem.5}) h
as been already used, duplicate ignored
<to be read again> 
                   \relax 
l.247 ...rem}[Sequentially compact $\iff$ compact]
                                                  
Underfull \vbox (badness 10000) has occurred while \output is active []

 [106]
pdfTeX warning (ext4): destination with the same identifier (name{theorem.2}) h
as been already used, duplicate ignored
<to be read again> 
                   \relax 
l.300 ...{theorem}[Images of compacts are compact]
                                                   [107] [108]
pdfTeX warning (ext4): destination with the same identifier (name{theorem.1}) h
as been already used, duplicate ignored
<to be read again> 
                   \relax 
l.413 	[Heine-Borel for general metric spaces]
                                              

LaTeX Warning: Reference `thm:bzw' on page 1 undefined on input line 421.


LaTeX Warning: Reference `thm:interval_compact' on page 1 undefined on input li
ne 422.

[109]

LaTeX Warning: Reference `thm:bzw' on page 1 undefined on input line 475.


pdfTeX warning (ext4): destination with the same identifier (name{problem.1}) h
as been already used, duplicate ignored
<to be read again> 
                   \relax 
l.478 	S
        how that the closed interval $[0,1]$ and
pdfTeX warning (ext4): destination with the same identifier (name{problem.2}) h
as been already used, duplicate ignored
<to be read again> 
                   \relax 
l.490 	L
        et $X$ be a topological space with the discrete topology.
pdfTeX warning (ext4): destination with the same identifier (name{problem.3}) h
as been already used, duplicate ignored
<to be read again> 
                   \relax 
l.498 ...e cofinite topology is quasicompact only]
                                                  
pdfTeX warning (ext4): destination with the same identifier (name{problem.4}) h
as been already used, duplicate ignored
<to be read again> 
                   \relax 
l.507 	[Cantor's intersection theorem]
                                      
pdfTeX warning (ext4): destination with the same identifier (name{problem.5}) h
as been already used, duplicate ignored
<to be read again> 
                   \relax 
l.527 	[Tychonoff's theorem]
                            
File: media/chili.png Graphic file (type png)
<use media/chili.png>
Package pdftex.def Info: media/chili.png  used on input line 562.
(pdftex.def)             Requested size: 16.42499pt x 16.42361pt.

pdfTeX warning (ext4): destination with the same identifier (name{problem.7}) h
as been already used, duplicate ignored
<to be read again> 
                   \relax 
l.573 	[Almost Arzel\`a-Ascoli theorem]
                                       
File: media/chili.png Graphic file (type png)
<use media/chili.png>
Package pdftex.def Info: media/chili.png  used on input line 574.
(pdftex.def)             Requested size: 16.42499pt x 16.42361pt.

pdfTeX warning (ext4): destination with the same identifier (name{problem.8}) h
as been already used, duplicate ignored
<to be read again> 
                   \relax 
l.592 	\onechili
                
File: media/chili.png Graphic file (type png)
<use media/chili.png>
Package pdftex.def Info: media/chili.png  used on input line 592.
(pdftex.def)             Requested size: 16.42499pt x 16.42361pt.

pdfTeX warning (ext4): destination with the same identifier (name{problem.9}) h
as been already used, duplicate ignored
<to be read again> 
                   \relax 
l.636 	\twochili
                
File: media/chili.png Graphic file (type png)
<use media/chili.png>
Package pdftex.def Info: media/chili.png  used on input line 636.
(pdftex.def)             Requested size: 16.42499pt x 16.42361pt.
File: media/chili.png Graphic file (type png)
<use media/chili.png>
Package pdftex.def Info: media/chili.png  used on input line 636.
(pdftex.def)             Requested size: 16.42499pt x 16.42361pt.
) [110]
part IV.
Package scrkbase Info: You've told me to use the font selection of the element
(scrkbase)             `partprefix' that is an alias of element `partnumber'
(scrkbase)              on input line 66.
[111




]
Package minitoc Info: I0006
(minitoc)             Napkin.ptc4 is empty on input line 69.
\openout2 = `tex/linalg/vector-space.aux'.

 (tex/linalg/vector-space.tex [112



]
chapter 9.
[113] [114]

LaTeX Warning: Reference `ex:quadratic_vector_space' on page 1 undefined on inp
ut line 141.


LaTeX Warning: Reference `ex:quadratic_vector_space' on page 1 undefined on inp
ut line 183.

[115] [116] [117]
pdfTeX warning (ext4): destination with the same identifier (name{theorem.5}) h
as been already used, duplicate ignored
<to be read again> 
                   \relax 
l.354 ...orem}[Maximality and minimality of bases]
                                                  
pdfTeX warning (ext4): destination with the same identifier (name{theorem.7}) h
as been already used, duplicate ignored
<to be read again> 
                   \relax 
l.377 	[Dimension theorem for vector spaces]
                                            
Overfull \hbox (0.20619pt too wide) in paragraph at lines 383--388
[]\T1/lmr/m/n/10.95 (-20) We prove some-thing stronger: As-sume $\OML/lmm/m/it/
10.95 v[]; [] ; v[]$ \T1/lmr/m/n/10.95 (-20) is a span-ning set while $\OML/lmm
/m/it/10.95 w[]; [] ; w[]$
 []


Underfull \vbox (badness 10000) has occurred while \output is active []

 [118]
Package hyperref Info: bookmark level for unknown remark* defaults to 0 on inpu
t line 404.

[119] [120] [121]

LaTeX Warning: Reference `fig:matmult' on page 1 undefined on input line 700.


LaTeX Warning: Reference `fig:matmult' on page 1 undefined on input line 701.

<media/matrix-mult.jpg, id=1693, 1284.8pt x 722.7pt>
File: media/matrix-mult.jpg Graphic file (type jpg)
<use media/matrix-mult.jpg>
Package pdftex.def Info: media/matrix-mult.jpg  used on input line 707.
(pdftex.def)             Requested size: 334.60571pt x 188.21736pt.

LaTeX Warning: Citation 'img:matrixmult' on page 122 undefined on input line 70
9.


LaTeX Warning: Citation 'img:matrixmult' on page 122 undefined on input line 70
9.

[122]
Underfull \vbox (badness 2653) has occurred while \output is active []

 [123 <./media/matrix-mult.jpg>] [124]
pdfTeX warning (ext4): destination with the same identifier (name{theorem.5}) h
as been already used, duplicate ignored
<to be read again> 
                   \relax 
l.856 \begin{theorem}[Basis completion]
                                       
pdfTeX warning (ext4): destination with the same identifier (name{theorem.6}) h
as been already used, duplicate ignored
<to be read again> 
                   \relax 
l.874 ...theorem}[Picking a basis for linear maps]
                                                   [125]

LaTeX Warning: Reference `thm:basis_completion' on page 1 undefined on input li
ne 892.

\openout4 = `asy/Napkin-9A.asy'.


Package asymptote Warning: file `asy/Napkin-9A.pdf' not found on input line 954
.


pdfTeX warning (ext4): destination with the same identifier (name{theorem.7}) h
as been already used, duplicate ignored
<to be read again> 
                   \relax 
l.966 	[Rank-nullity theorem]
                             

LaTeX Warning: Reference `thm:linear_map_basis' on page 1 undefined on input li
ne 973.


pdfTeX warning (ext4): destination with the same identifier (name{theorem.1}) h
as been already used, duplicate ignored
<to be read again> 
                   \relax 
l.981 	[Lagrange interpolation]
                               
Underfull \vbox (badness 3271) has occurred while \output is active []

 [126]

LaTeX Warning: Reference `prob:equal_dimension' on page 1 undefined on input li
ne 1009.

[127]

LaTeX Warning: Reference `rem:vector_spaces_have_essence' on page 1 undefined o
n input line 1075.


LaTeX Warning: Reference `thm:vector_best' on page 1 undefined on input line 11
07.

[128]

LaTeX Warning: Reference `thm:linear_map_basis' on page 1 undefined on input li
ne 1143.


pdfTeX warning (ext4): destination with the same identifier (name{problem.3}) h
as been already used, duplicate ignored
<to be read again> 
                   \relax 
l.1197 	L
         et's say a \emph{magic square} is a $3 \times 3$ matrix of real num...

pdfTeX warning (ext4): destination with the same identifier (name{problem.4}) h
as been already used, duplicate ignored
<to be read again> 
                   \relax 
l.1208 	[Multiplication by $\sqrt5$]
                                    
pdfTeX warning (ext4): destination with the same identifier (name{problem.5}) h
as been already used, duplicate ignored
<to be read again> 
                   \relax 
l.1228 	[Multivariable Lagrange interpolation]
                                              
pdfTeX warning (ext4): destination with the same identifier (name{problem.6}) h
as been already used, duplicate ignored
<to be read again> 
                   \relax 
l.1236 	[Putnam 2003]
                      [129]
pdfTeX warning (ext4): destination with the same identifier (name{problem.7}) h
as been already used, duplicate ignored
<to be read again> 
                   \relax 
l.1245 \begin{problem}[TSTST 2014]
                                  
File: media/chili.png Graphic file (type png)
<use media/chili.png>
Package pdftex.def Info: media/chili.png  used on input line 1246.
(pdftex.def)             Requested size: 16.42499pt x 16.42361pt.
File: media/chili.png Graphic file (type png)
<use media/chili.png>
Package pdftex.def Info: media/chili.png  used on input line 1286.
(pdftex.def)             Requested size: 16.42499pt x 16.42361pt.
) [130]
\openout2 = `tex/linalg/eigenvalues.aux'.

 (tex/linalg/eigenvalues.tex
chapter 10.
[131





] [132]
pdfTeX warning (ext4): destination with the same identifier (name{theorem.6}) h
as been already used, duplicate ignored
<to be read again> 
                   \relax 
l.136 ...s exist over algebraically closed fields]
                                                  

LaTeX Warning: Citation 'ref:axler' on page 133 undefined on input line 143.


pdfTeX warning (ext4): destination with the same identifier (name{theorem.2}) h
as been already used, duplicate ignored
<to be read again> 
                   \relax 
l.196 	[Jordan canonical form]
                               [133] [134]
pdfTeX warning (ext4): destination with the same identifier (name{theorem.5}) h
as been already used, duplicate ignored
<to be read again> 
                   \relax 
l.341 	[Nilpotent Jordan]
                          [135] [136]

LaTeX Warning: Reference `prob:endomorphism_eventual_lemma' on page 1 undefined
 on input line 432.

[137] [138]

LaTeX Warning: Reference `def:eigen_multiplicity' on page 1 undefined on input 
line 571.


pdfTeX warning (ext4): destination with the same identifier (name{problem.1}) h
as been already used, duplicate ignored
<to be read again> 
                   \relax 
l.597 	[Sum of algebraic multiplicities]
                                        
pdfTeX warning (ext4): destination with the same identifier (name{problem.2}) h
as been already used, duplicate ignored
<to be read again> 
                   \relax 
l.609 	[The word ``diagonalizable'']
                                     [139]
pdfTeX warning (ext4): destination with the same identifier (name{problem.3}) h
as been already used, duplicate ignored
<to be read again> 
                   \relax 
l.631 	[Switcharoo]
                   
pdfTeX warning (ext4): destination with the same identifier (name{problem.4}) h
as been already used, duplicate ignored
<to be read again> 
                   \relax 
l.643 	S
        uppose $T \colon \CC^{\oplus 2} \to \CC^{\oplus 2}$
pdfTeX warning (ext4): destination with the same identifier (name{problem.5}) h
as been already used, duplicate ignored
<to be read again> 
                   \relax 
l.654 	[Writing a polynomial backwards]
                                       
pdfTeX warning (ext4): destination with the same identifier (name{problem.6}) h
as been already used, duplicate ignored
<to be read again> 
                   \relax 
l.668 	[Differentiation of polynomials]
                                       
pdfTeX warning (ext4): destination with the same identifier (name{problem.7}) h
as been already used, duplicate ignored
<to be read again> 
                   \relax 
l.689 	[Differentiation of functions]
                                     ) [140]
\openout2 = `tex/linalg/dual-trace.aux'.

 (tex/linalg/dual-trace.tex
chapter 11.
[141





] [142] [143] [144]

Package hyperref Warning: Token not allowed in a PDF string (Unicode):
(hyperref)                removing `math shift' on input line 342.


Package hyperref Warning: Token not allowed in a PDF string (Unicode):
(hyperref)                removing `superscript' on input line 342.


Package hyperref Warning: Token not allowed in a PDF string (Unicode):
(hyperref)                removing `\vee' on input line 342.


Package hyperref Warning: Token not allowed in a PDF string (Unicode):
(hyperref)                removing `\otimes' on input line 342.


Package hyperref Warning: Token not allowed in a PDF string (Unicode):
(hyperref)                removing `math shift' on input line 342.


Package hyperref Warning: Token not allowed in a PDF string (Unicode):
(hyperref)                removing `math shift' on input line 342.


Package hyperref Warning: Token not allowed in a PDF string (Unicode):
(hyperref)                removing `math shift' on input line 342.


Package hyperref Warning: Token not allowed in a PDF string (Unicode):
(hyperref)                removing `math shift' on input line 342.


Package hyperref Warning: Token not allowed in a PDF string (Unicode):
(hyperref)                removing `math shift' on input line 342.

[145]
pdfTeX warning (ext4): destination with the same identifier (name{theorem.3}) h
as been already used, duplicate ignored
<to be read again> 
                   \relax 
l.395 ... \otimes W$ $\iff$ linear maps $V \to W$]
                                                   [146]

LaTeX Warning: Reference `thm:vect_hom_dualization' on page 1 undefined on inpu
t line 424.

[147]
pdfTeX warning (ext4): destination with the same identifier (name{problem.1}) h
as been already used, duplicate ignored
<to be read again> 
                   \relax 
l.478 	[Trace is sum of eigenvalues]
                                    
File: media/chili.png Graphic file (type png)
<use media/chili.png>
Package pdftex.def Info: media/chili.png  used on input line 510.
(pdftex.def)             Requested size: 16.42499pt x 16.42361pt.

pdfTeX warning (ext4): destination with the same identifier (name{problem.4}) h
as been already used, duplicate ignored
<to be read again> 
                   \relax 
l.550 	[Putnam 1988]
                    
File: media/chili.png Graphic file (type png)
<use media/chili.png>
Package pdftex.def Info: media/chili.png  used on input line 551.
(pdftex.def)             Requested size: 16.42499pt x 16.42361pt.
) [148]
\openout2 = `tex/linalg/dets.aux'.

 (tex/linalg/dets.tex
chapter 12.
[149





]
\openout4 = `asy/Napkin-12A.asy'.



Package asymptote Warning: file `asy/Napkin-12A.pdf' not found on input line 98
.

[150] [151] [152]
pdfTeX warning (ext4): destination with the same identifier (name{theorem.1}) h
as been already used, duplicate ignored
<to be read again> 
                   \relax 
l.337 \begin{theorem}[Cayley-Hamilton]
                                       [153] [154]
pdfTeX warning (ext4): destination with the same identifier (name{problem.1}) h
as been already used, duplicate ignored
<to be read again> 
                   \relax 
l.428 \begin{problem}[Column operations]
                                        
pdfTeX warning (ext4): destination with the same identifier (name{problem.2}) h
as been already used, duplicate ignored
<to be read again> 
                   \relax 
l.458 	[Determinant is product of eigenvalues]
                                              
pdfTeX warning (ext4): destination with the same identifier (name{problem.3}) h
as been already used, duplicate ignored
<to be read again> 
                   \relax 
l.473 	[Exponential matrix]
                           
pdfTeX warning (ext4): destination with the same identifier (name{problem.4}) h
as been already used, duplicate ignored
<to be read again> 
                   \relax 
l.488 	[Extension to \Cref{prob:equal_dimension}]
                                                 

LaTeX Warning: Reference `prob:equal_dimension' on page 1 undefined on input li
ne 488.


pdfTeX warning (ext4): destination with the same identifier (name{problem.5}) h
as been already used, duplicate ignored
<to be read again> 
                   \relax 
l.517 	[Based on Sweden 2010]
                             
File: media/chili.png Graphic file (type png)
<use media/chili.png>
Package pdftex.def Info: media/chili.png  used on input line 518.
(pdftex.def)             Requested size: 16.42499pt x 16.42361pt.

pdfTeX warning (ext4): destination with the same identifier (name{problem.6}) h
as been already used, duplicate ignored
<to be read again> 
                   \relax 
l.542 	[Putnam 2015]
                    
File: media/chili.png Graphic file (type png)
<use media/chili.png>
Package pdftex.def Info: media/chili.png  used on input line 543.
(pdftex.def)             Requested size: 16.42499pt x 16.42361pt.
File: media/chili.png Graphic file (type png)
<use media/chili.png>
Package pdftex.def Info: media/chili.png  used on input line 543.
(pdftex.def)             Requested size: 16.42499pt x 16.42361pt.

pdfTeX warning (ext4): destination with the same identifier (name{problem.7}) h
as been already used, duplicate ignored
<to be read again> 
                   \relax 
l.629 	\twochili
                
File: media/chili.png Graphic file (type png)
<use media/chili.png>
Package pdftex.def Info: media/chili.png  used on input line 629.
(pdftex.def)             Requested size: 16.42499pt x 16.42361pt.
File: media/chili.png Graphic file (type png)
<use media/chili.png>
Package pdftex.def Info: media/chili.png  used on input line 629.
(pdftex.def)             Requested size: 16.42499pt x 16.42361pt.

pdfTeX warning (ext4): destination with the same identifier (name{problem.8}) h
as been already used, duplicate ignored
<to be read again> 
                   \relax 
l.750 	[Cauchy-Binet formula]
                             
File: media/chili.png Graphic file (type png)
<use media/chili.png>
Package pdftex.def Info: media/chili.png  used on input line 751.
(pdftex.def)             Requested size: 16.42499pt x 16.42361pt.
 [155]) [156]
\openout2 = `tex/linalg/inner-form.aux'.

 (tex/linalg/inner-form.tex
chapter 13.
[157





] [158] [159] [160]
pdfTeX warning (ext4): destination with the same identifier (name{theorem.5}) h
as been already used, duplicate ignored
<to be read again> 
                   \relax 
l.271 	[Triangle inequality]
                             [161]
pdfTeX warning (ext4): destination with the same identifier (name{theorem.5}) h
as been already used, duplicate ignored
<to be read again> 
                   \relax 
l.322 \begin{theorem}[Gram-Schmidt]
                                    [162]

LaTeX Warning: Reference `ch:calc_limits' on page 1 undefined on input line 389
.


pdfTeX warning (ext4): destination with the same identifier (name{problem.1}) h
as been already used, duplicate ignored
<to be read again> 
                   \relax 
l.436 	[Pythagorean theorem]
                             [163]
pdfTeX warning (ext4): destination with the same identifier (name{problem.3}) h
as been already used, duplicate ignored
<to be read again> 
                   \relax 
l.464 \begin{problem}[Taiwan IMO camp]
                                      
File: media/chili.png Graphic file (type png)
<use media/chili.png>
Package pdftex.def Info: media/chili.png  used on input line 465.
(pdftex.def)             Requested size: 16.42499pt x 16.42361pt.

pdfTeX warning (ext4): destination with the same identifier (name{problem.5}) h
as been already used, duplicate ignored
<to be read again> 
                   \relax 
l.506 \begin{problem}[Putnam 2014]
                                  
File: media/chili.png Graphic file (type png)
<use media/chili.png>
Package pdftex.def Info: media/chili.png  used on input line 507.
(pdftex.def)             Requested size: 16.42499pt x 16.42361pt.

pdfTeX warning (ext4): destination with the same identifier (name{problem.6}) h
as been already used, duplicate ignored
<to be read again> 
                   \relax 
l.523 	[Sequence space]
                       
pdfTeX warning (ext4): destination with the same identifier (name{problem.7}) h
as been already used, duplicate ignored
<to be read again> 
                   \relax 
l.533 	[General normed vector spaces]
                                     

LaTeX Warning: Reference `thm:inner_product_tri_ineq' on page 1 undefined on in
put line 544.


pdfTeX warning (ext4): destination with the same identifier (name{problem.8}) h
as been already used, duplicate ignored
<to be read again> 
                   \relax 
l.557 	[Kuratowski embedding]
                             ) [164]
\openout2 = `tex/linalg/fourier.aux'.

 (tex/linalg/fourier.tex
chapter 14.
[165





] [166]

LaTeX Warning: Reference `sec:FTFGAG' on page 1 undefined on input line 151.

[167] [168]
pdfTeX warning (ext4): destination with the same identifier (name{theorem.11}) 
has been already used, duplicate ignored
<to be read again> 
                   \relax 
l.275 	[The classical Fourier basis]
                                     [169]

LaTeX Warning: Reference `ch:pontryagin' on page 1 undefined on input line 316.



LaTeX Warning: Reference `ch:pontryagin' on page 1 undefined on input line 342.



LaTeX Warning: Reference `prop:orthonormal' on page 1 undefined on input line 3
47.

[170]
pdfTeX warning (ext4): destination with the same identifier (name{theorem.1}) h
as been already used, duplicate ignored
<to be read again> 
                   \relax 
l.399 	[Basel problem]
                       [171]
pdfTeX warning (ext4): destination with the same identifier (name{theorem.1}) h
as been already used, duplicate ignored
<to be read again> 
                   \relax 
l.477 	[Arrow Impossibility Theorem]
                                     [172]

LaTeX Warning: Reference `prob:arrow_lemma' on page 1 undefined on input line 4
92.


pdfTeX warning (ext4): destination with the same identifier (name{problem.1}) h
as been already used, duplicate ignored
<to be read again> 
                   \relax 
l.532 	[For calculus fans]
                           [173]
pdfTeX warning (ext4): destination with the same identifier (name{problem.2}) h
as been already used, duplicate ignored
<to be read again> 
                   \relax 
l.541 	\onechili
                
File: media/chili.png Graphic file (type png)
<use media/chili.png>
Package pdftex.def Info: media/chili.png  used on input line 541.
(pdftex.def)             Requested size: 16.42499pt x 16.42361pt.
) [174]
\openout2 = `tex/linalg/transpose.aux'.

 (tex/linalg/transpose.tex
chapter 15.
[175





]
pdfTeX warning (ext4): destination with the same identifier (name{theorem.3}) h
as been already used, duplicate ignored
<to be read again> 
                   \relax 
l.72 	[Transpose interpretation of $T^\vee$]
                                            

Package hyperref Warning: Token not allowed in a PDF string (Unicode):
(hyperref)                removing `math shift' on input line 96.


Package hyperref Warning: Token not allowed in a PDF string (Unicode):
(hyperref)                removing `\mathrel' on input line 96.


Package hyperref Warning: Token not allowed in a PDF string (Unicode):
(hyperref)                removing `\mathchoice' on input line 96.


Package hyperref Warning: Token not allowed in a PDF string (Unicode):
(hyperref)                removing `\lower' on input line 96.


Package hyperref Warning: Token not allowed in a PDF string (Unicode):
(hyperref)                removing `\p@' on input line 96.


Package hyperref Warning: Token not allowed in a PDF string (Unicode):
(hyperref)                removing `\vbox' on input line 96.


Package hyperref Warning: Token not allowed in a PDF string (Unicode):
(hyperref)                removing `\lineskiplimit' on input line 96.


Package hyperref Warning: Token not allowed in a PDF string (Unicode):
(hyperref)                removing `\maxdimen' on input line 96.


Package hyperref Warning: Token not allowed in a PDF string (Unicode):
(hyperref)                removing `\lineskip' on input line 96.


Package hyperref Warning: Token not allowed in a PDF string (Unicode):
(hyperref)                removing `\p@' on input line 96.


Package hyperref Warning: Token not allowed in a PDF string (Unicode):
(hyperref)                removing `\everycr' on input line 96.


Package hyperref Warning: Token not allowed in a PDF string (Unicode):
(hyperref)                removing `\tabskip' on input line 96.


Package hyperref Warning: Token not allowed in a PDF string (Unicode):
(hyperref)                removing `\z@skip' on input line 96.


Package hyperref Warning: Token not allowed in a PDF string (Unicode):
(hyperref)                removing `\halign' on input line 96.


Package hyperref Warning: Token not allowed in a PDF string (Unicode):
(hyperref)                removing `\lower' on input line 96.


Package hyperref Warning: Token not allowed in a PDF string (Unicode):
(hyperref)                removing `\p@' on input line 96.


Package hyperref Warning: Token not allowed in a PDF string (Unicode):
(hyperref)                removing `\vbox' on input line 96.


Package hyperref Warning: Token not allowed in a PDF string (Unicode):
(hyperref)                removing `\lineskiplimit' on input line 96.


Package hyperref Warning: Token not allowed in a PDF string (Unicode):
(hyperref)                removing `\maxdimen' on input line 96.


Package hyperref Warning: Token not allowed in a PDF string (Unicode):
(hyperref)                removing `\lineskip' on input line 96.


Package hyperref Warning: Token not allowed in a PDF string (Unicode):
(hyperref)                removing `\p@' on input line 96.


Package hyperref Warning: Token not allowed in a PDF string (Unicode):
(hyperref)                removing `\everycr' on input line 96.


Package hyperref Warning: Token not allowed in a PDF string (Unicode):
(hyperref)                removing `\tabskip' on input line 96.


Package hyperref Warning: Token not allowed in a PDF string (Unicode):
(hyperref)                removing `\z@skip' on input line 96.


Package hyperref Warning: Token not allowed in a PDF string (Unicode):
(hyperref)                removing `\halign' on input line 96.


Package hyperref Warning: Token not allowed in a PDF string (Unicode):
(hyperref)                removing `\lower' on input line 96.


Package hyperref Warning: Token not allowed in a PDF string (Unicode):
(hyperref)                removing `\p@' on input line 96.


Package hyperref Warning: Token not allowed in a PDF string (Unicode):
(hyperref)                removing `\vbox' on input line 96.


Package hyperref Warning: Token not allowed in a PDF string (Unicode):
(hyperref)                removing `\lineskiplimit' on input line 96.


Package hyperref Warning: Token not allowed in a PDF string (Unicode):
(hyperref)                removing `\maxdimen' on input line 96.


Package hyperref Warning: Token not allowed in a PDF string (Unicode):
(hyperref)                removing `\lineskip' on input line 96.


Package hyperref Warning: Token not allowed in a PDF string (Unicode):
(hyperref)                removing `\p@' on input line 96.


Package hyperref Warning: Token not allowed in a PDF string (Unicode):
(hyperref)                removing `\everycr' on input line 96.


Package hyperref Warning: Token not allowed in a PDF string (Unicode):
(hyperref)                removing `\tabskip' on input line 96.


Package hyperref Warning: Token not allowed in a PDF string (Unicode):
(hyperref)                removing `\z@skip' on input line 96.


Package hyperref Warning: Token not allowed in a PDF string (Unicode):
(hyperref)                removing `\halign' on input line 96.


Package hyperref Warning: Token not allowed in a PDF string (Unicode):
(hyperref)                removing `\lower' on input line 96.


Package hyperref Warning: Token not allowed in a PDF string (Unicode):
(hyperref)                removing `\p@' on input line 96.


Package hyperref Warning: Token not allowed in a PDF string (Unicode):
(hyperref)                removing `\vbox' on input line 96.


Package hyperref Warning: Token not allowed in a PDF string (Unicode):
(hyperref)                removing `\lineskiplimit' on input line 96.


Package hyperref Warning: Token not allowed in a PDF string (Unicode):
(hyperref)                removing `\maxdimen' on input line 96.


Package hyperref Warning: Token not allowed in a PDF string (Unicode):
(hyperref)                removing `\lineskip' on input line 96.


Package hyperref Warning: Token not allowed in a PDF string (Unicode):
(hyperref)                removing `\p@' on input line 96.


Package hyperref Warning: Token not allowed in a PDF string (Unicode):
(hyperref)                removing `\everycr' on input line 96.


Package hyperref Warning: Token not allowed in a PDF string (Unicode):
(hyperref)                removing `\tabskip' on input line 96.


Package hyperref Warning: Token not allowed in a PDF string (Unicode):
(hyperref)                removing `\z@skip' on input line 96.


Package hyperref Warning: Token not allowed in a PDF string (Unicode):
(hyperref)                removing `\halign' on input line 96.


Package hyperref Warning: Token not allowed in a PDF string (Unicode):
(hyperref)                removing `superscript' on input line 96.


Package hyperref Warning: Token not allowed in a PDF string (Unicode):
(hyperref)                removing `\vee' on input line 96.


Package hyperref Warning: Token not allowed in a PDF string (Unicode):
(hyperref)                removing `math shift' on input line 96.


LaTeX Warning: Reference `prob:row_rank_column_rank' on page 1 undefined on inp
ut line 101.


LaTeX Warning: Reference `thm:transpose_dual' on page 1 undefined on input line
 103.


pdfTeX warning (ext4): destination with the same identifier (name{theorem.1}) h
as been already used, duplicate ignored
<to be read again> 
                   \relax 
l.106 	[Row rank = column rank]
                               

LaTeX Warning: Reference `prob:fundamental_theorem_of_linalg' on page 1 undefin
ed on input line 115.


LaTeX Warning: Reference `prob:row_rank_column_rank' on page 1 undefined on inp
ut line 115.


LaTeX Warning: Reference `thm:linear_map_basis' on page 1 undefined on input li
ne 116.


LaTeX Warning: Reference `thm:transpose_dual' on page 1 undefined on input line
 116.


LaTeX Warning: Reference `thm:transpose_dual' on page 1 undefined on input line
 132.


LaTeX Warning: Reference `thm:linear_map_basis' on page 1 undefined on input li
ne 135.

[176]

LaTeX Warning: Reference `prob:rank_Mdagger_M' on page 1 undefined on input lin
e 170.


LaTeX Warning: Reference `thm:linear_map_basis' on page 1 undefined on input li
ne 193.


LaTeX Warning: Reference `prob:rank_Mdagger_M' on page 1 undefined on input lin
e 198.

[177]
pdfTeX warning (ext4): destination with the same identifier (name{theorem.2}) h
as been already used, duplicate ignored
<to be read again> 
                   \relax 
l.224 ...m}[$V \cong V^\vee$ for real inner forms]
                                                  
pdfTeX warning (ext4): destination with the same identifier (name{theorem.3}) h
as been already used, duplicate ignored
<to be read again> 
                   \relax 
l.259 ... versus $V^\vee$ for complex inner forms]
                                                   [178]

LaTeX Warning: Reference `prob:complex_conj_space' on page 1 undefined on input
 line 283.

[179]
pdfTeX warning (ext4): destination with the same identifier (name{theorem.3}) h
as been already used, duplicate ignored
<to be read again> 
                   \relax 
l.345 	[Adjoints are conjugate transposes]
                                          
pdfTeX warning (ext4): destination with the same identifier (name{theorem.2}) h
as been already used, duplicate ignored
<to be read again> 
                   \relax 
l.395 ...f$ diagonalizable with orthonormal basis]
                                                   [180]
pdfTeX warning (ext4): destination with the same identifier (name{theorem.6}) h
as been already used, duplicate ignored
<to be read again> 
                   \relax 
l.480 ...Hermitian matrices have real eigenvalues]
                                                   [181]
File: media/chili.png Graphic file (type png)
<use media/chili.png>
Package pdftex.def Info: media/chili.png  used on input line 494.
(pdftex.def)             Requested size: 16.42499pt x 16.42361pt.

pdfTeX warning (ext4): destination with the same identifier (name{problem.2}) h
as been already used, duplicate ignored
<to be read again> 
                   \relax 
l.515 	[Fundamental theorem of linear algebra]
                                              
pdfTeX warning (ext4): destination with the same identifier (name{problem.4}) h
as been already used, duplicate ignored
<to be read again> 
                   \relax 
l.554 	[The complex conjugate spaces]
                                     
pdfTeX warning (ext4): destination with the same identifier (name{problem.5}) h
as been already used, duplicate ignored
<to be read again> 
                   \relax 
l.571 	[$T^\dagger$ vs $T^\vee$]
                                

LaTeX Warning: Reference `thm:real_dual_isomorphic' on page 1 undefined on inpu
t line 585.


pdfTeX warning (ext4): destination with the same identifier (name{problem.6}) h
as been already used, duplicate ignored
<to be read again> 
                   \relax 
l.589 	[Polynomial criteria for normality]
                                           [182]
pdfTeX warning (ext4): destination with the same identifier (name{problem.7}) h
as been already used, duplicate ignored
<to be read again> 
                   \relax 
l.642 	[Kronecker product of matrices]
                                      
File: media/chili.png Graphic file (type png)
<use media/chili.png>
Package pdftex.def Info: media/chili.png  used on input line 643.
(pdftex.def)             Requested size: 16.42499pt x 16.42361pt.
) [183] [184




]
part V.
Package scrkbase Info: You've told me to use the font selection of the element
(scrkbase)             `partprefix' that is an alias of element `partnumber'
(scrkbase)              on input line 77.
[185]
Package minitoc Info: I0006
(minitoc)             Napkin.ptc5 is empty on input line 80.
\openout2 = `tex/H113/action.aux'.

 (tex/H113/action.tex [186



]
chapter 16.
[187]
\openout4 = `asy/Napkin-16A.asy'.



Package asymptote Warning: file `asy/Napkin-16A.pdf' not found on input line 86
.


pdfTeX warning (ext4): destination with the same identifier (name{theorem.5}) h
as been already used, duplicate ignored
<to be read again> 
                   \relax 
l.108 \begin{theorem}[Orbit-stabilizer theorem]
                                               
\openout4 = `asy/Napkin-16B.asy'.



Package asymptote Warning: file `asy/Napkin-16B.pdf' not found on input line 13
6.


pdfTeX warning (ext4): destination with the same identifier (name{theorem.1}) h
as been already used, duplicate ignored
<to be read again> 
                   \relax 
l.146 	[Burnside's lemma]
                          [188]

LaTeX Warning: Citation 'ref:aops_burnside' on page 189 undefined on input line
 185.

[189]

LaTeX Warning: Reference `thm:cayley_theorem' on page 1 undefined on input line
 232.

[190]
pdfTeX warning (ext4): destination with the same identifier (name{problem.1}) h
as been already used, duplicate ignored
<to be read again> 
                   \relax 
l.285 	[PUMaC 2009 C8]
                      
pdfTeX warning (ext4): destination with the same identifier (name{problem.2}) h
as been already used, duplicate ignored
<to be read again> 
                   \relax 
l.297 	S
        how that two elements in the same conjugacy class
pdfTeX warning (ext4): destination with the same identifier (name{problem.3}) h
as been already used, duplicate ignored
<to be read again> 
                   \relax 
l.307 	\onechili
                
File: media/chili.png Graphic file (type png)
<use media/chili.png>
Package pdftex.def Info: media/chili.png  used on input line 307.
(pdftex.def)             Requested size: 16.42499pt x 16.42361pt.
File: media/chili.png Graphic file (type png)
<use media/chili.png>
Package pdftex.def Info: media/chili.png  used on input line 330.
(pdftex.def)             Requested size: 16.42499pt x 16.42361pt.
) [191]
\openout2 = `tex/H113/sylow.aux'.

 (tex/H113/sylow.tex [192





]
chapter 17.

pdfTeX warning (ext4): destination with the same identifier (name{theorem.1}) h
as been already used, duplicate ignored
<to be read again> 
                   \relax 
l.20 \begin{theorem}[The Sylow theorems]
                                         [193] [194] [195]
Overfull \hbox (0.83588pt too wide) in paragraph at lines 188--191
[]\T1/lmr/m/n/10.95 (-20) Because $\OML/lmm/m/it/10.95 P$ \T1/lmr/m/n/10.95 (-2
0) is a $\OML/lmm/m/it/10.95 p$\T1/lmr/m/n/10.95 (-20) -group, the or-bits of t
he ac-tion have sizes which are in $\OMS/lmsy/m/n/10.95 f\OML/lmm/m/it/10.95 p[
]; p[]; p[]; [] \OMS/lmsy/m/n/10.95 g$
 []


pdfTeX warning (ext4): destination with the same identifier (name{theorem.4}) h
as been already used, duplicate ignored
<to be read again> 
                   \relax 
l.237 	[Jordan-H\"older]
                         [196] [197]
pdfTeX warning (ext4): destination with the same identifier (name{problem.2}) h
as been already used, duplicate ignored
<to be read again> 
                   \relax 
l.299 	L
        et $G$ be a finite simple group.
pdfTeX warning (ext4): destination with the same identifier (name{problem.3}) h
as been already used, duplicate ignored
<to be read again> 
                   \relax 
l.319 	[Engel's PSS?]
                     
File: media/chili.png Graphic file (type png)
<use media/chili.png>
Package pdftex.def Info: media/chili.png  used on input line 320.
(pdftex.def)             Requested size: 16.42499pt x 16.42361pt.

pdfTeX warning (ext4): destination with the same identifier (name{problem.4}) h
as been already used, duplicate ignored
<to be read again> 
                   \relax 
l.344 	\twochili
                
File: media/chili.png Graphic file (type png)
<use media/chili.png>
Package pdftex.def Info: media/chili.png  used on input line 344.
(pdftex.def)             Requested size: 16.42499pt x 16.42361pt.
File: media/chili.png Graphic file (type png)
<use media/chili.png>
Package pdftex.def Info: media/chili.png  used on input line 344.
(pdftex.def)             Requested size: 16.42499pt x 16.42361pt.

pdfTeX warning (ext4): destination with the same identifier (name{problem.5}) h
as been already used, duplicate ignored
<to be read again> 
                   \relax 
l.383 ... Community-Building Event \#1, Fall 2022]
                                                  
File: media/chili.png Graphic file (type png)
<use media/chili.png>
Package pdftex.def Info: media/chili.png  used on input line 384.
(pdftex.def)             Requested size: 16.42499pt x 16.42361pt.
) [198]
\openout2 = `tex/H113/structure.aux'.


(tex/H113/structure.tex
chapter 18.

pdfTeX warning (ext4): destination with the same identifier (name{theorem.5}) h
as been already used, duplicate ignored
<to be read again> 
                   \relax 
l.50 ...orem of finitely generated abelian groups]
                                                  
Underfull \vbox (badness 4108) has occurred while \output is active []

 [199





]
pdfTeX warning (ext4): destination with the same identifier (name{theorem.6}) h
as been already used, duplicate ignored
<to be read again> 
                   \relax 
l.114 	[Chinese remainder theorem for rings]
                                             [200]

LaTeX Warning: Reference `ex:product_ring' on page 1 undefined on input line 11
8.


pdfTeX warning (ext4): destination with the same identifier (name{theorem.1}) h
as been already used, duplicate ignored
<to be read again> 
                   \relax 
l.150 	[Structure theorem, invariant form]
                                           [201]

Package hyperref Warning: Token not allowed in a PDF string (Unicode):
(hyperref)                removing `math shift' on input line 176.


Package hyperref Warning: Token not allowed in a PDF string (Unicode):
(hyperref)                removing `math shift' on input line 176.

[202]
pdfTeX warning (ext4): destination with the same identifier (name{theorem.1}) h
as been already used, duplicate ignored
<to be read again> 
                   \relax 
l.247 	[Uniqueness of free module's rank]
                                         

LaTeX Warning: Reference `thm:dimension_theorem' on page 1 undefined on input l
ine 251.


pdfTeX warning (ext4): destination with the same identifier (name{theorem.2}) h
as been already used, duplicate ignored
<to be read again> 
                   \relax 
l.275 	\label
             {thm:uniqueness_primary_form_one_prime_torsion_module} [203]

LaTeX Warning: Reference `thm:dimension_theorem' on page 1 undefined on input l
ine 330.


LaTeX Warning: Reference `thm:uniqueness_primary_form_one_prime_torsion_module'
 on page 1 undefined on input line 333.

[204]
pdfTeX warning (ext4): destination with the same identifier (name{theorem.6}) h
as been already used, duplicate ignored
<to be read again> 
                   \relax 
l.356 	I
        f $M \cong R^{\oplus r} \oplus R/(q_1) \oplus R/(q_2) \oplus \cdots ...
[205]
pdfTeX warning (ext4): destination with the same identifier (name{theorem.1}) h
as been already used, duplicate ignored
<to be read again> 
                   \relax 
l.439 	[Smith normal form]
                           [206] [207]
pdfTeX warning (ext4): destination with the same identifier (name{problem.4}) h
as been already used, duplicate ignored
<to be read again> 
                   \relax 
l.643 	\onechili
                
File: media/chili.png Graphic file (type png)
<use media/chili.png>
Package pdftex.def Info: media/chili.png  used on input line 643.
(pdftex.def)             Requested size: 16.42499pt x 16.42361pt.

pdfTeX warning (ext4): destination with the same identifier (name{problem.5}) h
as been already used, duplicate ignored
<to be read again> 
                   \relax 
l.663 	\twochili
                
File: media/chili.png Graphic file (type png)
<use media/chili.png>
Package pdftex.def Info: media/chili.png  used on input line 663.
(pdftex.def)             Requested size: 16.42499pt x 16.42361pt.
File: media/chili.png Graphic file (type png)
<use media/chili.png>
Package pdftex.def Info: media/chili.png  used on input line 663.
(pdftex.def)             Requested size: 16.42499pt x 16.42361pt.
) [208]
part VI.
Package scrkbase Info: You've told me to use the font selection of the element
(scrkbase)             `partprefix' that is an alias of element `partnumber'
(scrkbase)              on input line 84.
[209




]
Package minitoc Info: I0006
(minitoc)             Napkin.ptc6 is empty on input line 87.
\openout2 = `tex/rep-theory/rep-alg.aux'.

 (tex/rep-theory/rep-alg.tex [210



]
chapter 19.
[211]

LaTeX Warning: Reference `ex:product_ring' on page 1 undefined on input line 10
6.


LaTeX Warning: Reference `def:vector_space_direct_sum' on page 1 undefined on i
nput line 116.


LaTeX Warning: Reference `ex:product_ring' on page 1 undefined on input line 11
6.

[212] [213] [214]
Underfull \vbox (badness 10000) has occurred while \output is active []

 [215]
[216]
Underfull \vbox (badness 10000) has occurred while \output is active []

 [217]
[218]
pdfTeX warning (ext4): destination with the same identifier (name{theorem.7}) h
as been already used, duplicate ignored
<to be read again> 
                   \relax 
l.532 	[Schur's lemma]
                      

Package hyperref Warning: Token not allowed in a PDF string (Unicode):
(hyperref)                removing `math shift' on input line 562.


Package hyperref Warning: Token not allowed in a PDF string (Unicode):
(hyperref)                removing `subscript' on input line 562.


Package hyperref Warning: Token not allowed in a PDF string (Unicode):
(hyperref)                removing `math shift' on input line 562.


pdfTeX warning (ext4): destination with the same identifier (name{theorem.1}) h
as been already used, duplicate ignored
<to be read again> 
                   \relax 
l.565 	[Representations of $\Mat_d(k)$]
                                        [219] [220]
pdfTeX warning (ext4): destination with the same identifier (name{problem.5}) h
as been already used, duplicate ignored
<to be read again> 
                   \relax 
l.706 	\onechili
                
File: media/chili.png Graphic file (type png)
<use media/chili.png>
Package pdftex.def Info: media/chili.png  used on input line 706.
(pdftex.def)             Requested size: 16.42499pt x 16.42361pt.


LaTeX Warning: Reference `thm:schur_algclosed' on page 1 undefined on input lin
e 712.

) [221]
\openout2 = `tex/rep-theory/semisimple.aux'.

 (tex/rep-theory/semisimple.tex [222





]
chapter 20.

LaTeX Warning: Reference `exer:irred_not_indecomp' on page 1 undefined on input
 line 12.

[223]
pdfTeX warning (ext4): destination with the same identifier (name{theorem.2}) h
as been already used, duplicate ignored
<to be read again> 
                   \relax 
l.106 ...for completely reducible representations]
                                                  

LaTeX Warning: Reference `sec:vector_space_linear_maps' on page 1 undefined on 
input line 132.


LaTeX Warning: Reference `ex:mat2_representation' on page 1 undefined on input 
line 146.


LaTeX Warning: Reference `prob:regA_intertwine' on page 1 undefined on input li
ne 171.


Underfull \vbox (badness 1776) has occurred while \output is active []

 [224]
pdfTeX warning (ext4): destination with the same identifier (name{theorem.1}) h
as been already used, duplicate ignored
<to be read again> 
                   \relax 
l.179 	[Jacobson density theorem]
                                  [225]

LaTeX Warning: Reference `prob:reg_mat' on page 1 undefined on input line 220.


LaTeX Warning: Reference `thm:compred_schur' on page 1 undefined on input line 
234.


LaTeX Warning: Reference `cor:subrep_schur' on page 1 undefined on input line 2
61.

[226]
pdfTeX warning (ext4): destination with the same identifier (name{theorem.2}) h
as been already used, duplicate ignored
<to be read again> 
                   \relax 
l.305 	[Semisimple algebras]
                            

LaTeX Warning: Reference `prop:rep_direct_sum' on page 1 undefined on input lin
e 316.


LaTeX Warning: Reference `thm:rep_1mat' on page 1 undefined on input line 318.


LaTeX Warning: Reference `prob:regA_intertwine' on page 1 undefined on input li
ne 325.


LaTeX Warning: Reference `thm:compred_schur' on page 1 undefined on input line 
331.


LaTeX Warning: Reference `thm:cayley_theorem' on page 1 undefined on input line
 340.


LaTeX Warning: Reference `cor:structure_theorem_primary' on page 1 undefined on
 input line 345.

[227]

LaTeX Warning: Reference `cor:finiteness' on page 1 undefined on input line 356
.


pdfTeX warning (ext4): destination with the same identifier (name{theorem.5}) h
as been already used, duplicate ignored
<to be read again> 
                   \relax 
l.358 	[Sum of squares formula]
                               

LaTeX Warning: Reference `cor:finiteness' on page 1 undefined on input line 368
.


pdfTeX warning (ext4): destination with the same identifier (name{theorem.1}) h
as been already used, duplicate ignored
<to be read again> 
                   \relax 
l.386 	[Maschke's theorem]
                           [228]

LaTeX Warning: Reference `prob:idempotent' on page 1 undefined on input line 41
8.


Package hyperref Warning: Token not allowed in a PDF string (Unicode):
(hyperref)                removing `math shift' on input line 433.


Package hyperref Warning: Token not allowed in a PDF string (Unicode):
(hyperref)                removing `subscript' on input line 433.


Package hyperref Warning: Token not allowed in a PDF string (Unicode):
(hyperref)                removing `math shift' on input line 433.


LaTeX Warning: Reference `prob:one_dim' on page 1 undefined on input line 484.

[229]
pdfTeX warning (ext4): destination with the same identifier (name{problem.1}) h
as been already used, duplicate ignored
<to be read again> 
                   \relax 
l.504 	F
        ind all the irreps of $\CC[\Zc n]$.
pdfTeX warning (ext4): destination with the same identifier (name{problem.2}) h
as been already used, duplicate ignored
<to be read again> 
                   \relax 
l.512 	[Maschke requires $|G|$ finite]
                                      
pdfTeX warning (ext4): destination with the same identifier (name{problem.3}) h
as been already used, duplicate ignored
<to be read again> 
                   \relax 
l.529 	P
        rove that all irreducible representations
pdfTeX warning (ext4): destination with the same identifier (name{problem.4}) h
as been already used, duplicate ignored
<to be read again> 
                   \relax 
l.544 	\label
             {prob:dten_irrep}
pdfTeX warning (ext4): destination with the same identifier (name{problem.5}) h
as been already used, duplicate ignored
<to be read again> 
                   \relax 
l.554 	[AIME 2018]
                  
File: media/chili.png Graphic file (type png)
<use media/chili.png>
Package pdftex.def Info: media/chili.png  used on input line 555.
(pdftex.def)             Requested size: 16.42499pt x 16.42361pt.
\openout4 = `asy/Napkin-20A.asy'.



Package asymptote Warning: file `asy/Napkin-20A.pdf' not found on input line 57
2.

) [230]
\openout2 = `tex/rep-theory/characters.aux'.

 (tex/rep-theory/characters.tex
chapter 21.
[231





]
pdfTeX warning (ext4): destination with the same identifier (name{theorem.5}) h
as been already used, duplicate ignored
<to be read again> 
                   \relax 
l.120 	[Character of representations of algebras]
                                                  [232]
pdfTeX warning (ext4): destination with the same identifier (name{theorem.4}) h
as been already used, duplicate ignored
<to be read again> 
                   \relax 
l.179 \begin{theorem}[Orthogonality]
                                     [233]
pdfTeX warning (ext4): destination with the same identifier (name{theorem.9}) h
as been already used, duplicate ignored
<to be read again> 
                   \relax 
l.226 	[Character traces]
                          [234]

LaTeX Warning: Reference `prob:idempotent' on page 1 undefined on input line 28
0.

[235] [236]
pdfTeX warning (ext4): destination with the same identifier (name{problem.2}) h
as been already used, duplicate ignored
<to be read again> 
                   \relax 
l.429 	C
        onsider complex representations of $G = S_4$.
pdfTeX warning (ext4): destination with the same identifier (name{problem.3}) h
as been already used, duplicate ignored
<to be read again> 
                   \relax 
l.443 	[Tensoring by one-dimensional irreps]
                                            
pdfTeX warning (ext4): destination with the same identifier (name{problem.4}) h
as been already used, duplicate ignored
<to be read again> 
                   \relax 
l.465 	[Quaternions]
                    
File: media/chili.png Graphic file (type png)
<use media/chili.png>
Package pdftex.def Info: media/chili.png  used on input line 496.
(pdftex.def)             Requested size: 16.42499pt x 16.42361pt.
) [237]
\openout2 = `tex/rep-theory/applications.aux'.

 (tex/rep-theory/applications.tex [238





]
chapter 22.

pdfTeX warning (ext4): destination with the same identifier (name{theorem.1}) h
as been already used, duplicate ignored
<to be read again> 
                   \relax 
l.8 	[Frobenius divisibility]
                             

LaTeX Warning: Reference `lem:group_ring_integral' on page 1 undefined on input
 line 62.

[239]
pdfTeX warning (ext4): destination with the same identifier (name{theorem.1}) h
as been already used, duplicate ignored
<to be read again> 
                   \relax 
l.78 \begin{theorem}[Burnside]
                              

LaTeX Warning: Reference `prob:rep_lemma' on page 1 undefined on input line 101
.


LaTeX Warning: Reference `prob:second_orthog' on page 1 undefined on input line
 114.

[240]

LaTeX Warning: Reference `prob:class_eq' on page 1 undefined on input line 139.



pdfTeX warning (ext4): destination with the same identifier (name{theorem.2}) h
as been already used, duplicate ignored
<to be read again> 
                   \relax 
l.173 	[Frobenius determinant]
                              
Underfull \vbox (badness 10000) has occurred while \output is active []

 [241])
[242]
part VII.
Package scrkbase Info: You've told me to use the font selection of the element
(scrkbase)             `partprefix' that is an alias of element `partnumber'
(scrkbase)              on input line 92.
[243




]
Package minitoc Info: I0006
(minitoc)             Napkin.ptc7 is empty on input line 95.
\openout2 = `tex/quantum/vectors.aux'.

 (tex/quantum/vectors.tex [244



]
chapter 23.
[245]

LaTeX Warning: Reference `def:hermitian' on page 1 undefined on input line 99.

[246] [247] [248]

LaTeX Warning: Reference `prob:inner_prod_tensor' on page 1 undefined on input 
line 292.

[249] [250] [251]
pdfTeX warning (ext4): destination with the same identifier (name{problem.1}) h
as been already used, duplicate ignored
<to be read again> 
                   \relax 
l.446 	W
        e measure $\ket{\Psi_-}$ by $\sigma_x^A \otimes \id_B$,
pdfTeX warning (ext4): destination with the same identifier (name{problem.2}) h
as been already used, duplicate ignored
<to be read again> 
                   \relax 
l.466 	[Greenberger-Horne-Zeilinger paradox]
                                            ) [252]
\openout2 = `tex/quantum/circuits.aux'.

 (tex/quantum/circuits.tex
chapter 24.
<xymatrix
Package microtype Info: Character `029' is missing
(microtype)             in font `T1/lmr/m/sc/10.95'.
(microtype)             Ignoring protrusion settings for this character.
 4x2 284> <xymatrix 4x2 284> <xymatrix 4x2 284> <xymatrix 4x2 284>
<xymatrix 5x2 258> <xymatrix 5x2 258>
pdfTeX warning (ext4): destination with the same identifier (name{theorem.1}) h
as been already used, duplicate ignored
<to be read again> 
                   \relax 
l.80 	[AND, OR, NOT, COPY are universal]
                                         [253





] <xymatrix 3x2 196> <xymatrix
3x2 196> [254] <xymatrix 3x2 196> <xymatrix 3x3 310>
pdfTeX warning (ext4): destination with the same identifier (name{theorem.6}) h
as been already used, duplicate ignored
<to be read again> 
                   \relax 
l.212 	[Toffoli gate is universal]
                                   <xymatrix 3x3 310> <xymatrix 3x3 310>
[255] <xymatrix 3x2 196> <xymatrix 3x2 196> <xymatrix 3x2 196> <xymatrix 3x2
196> <xymatrix 3x2 196> <xymatrix 3x3 312> <xymatrix 3x1 143> <xymatrix 3x1
143> <xymatrix 3x2 257> <xymatrix 3x2 257> [256] <xymatrix 3x2 242> <xymatrix
3x2 242>

LaTeX Warning: Reference `prob:baby_no_clone' on page 1 undefined on input line
 432.

[257] <xymatrix 4x2 318>
pdfTeX warning (ext4): destination with the same identifier (name{theorem.2}) h
as been already used, duplicate ignored
<to be read again> 
                   \relax 
l.475 	[Deutsch-Jozsa]
                      

LaTeX Warning: Reference `prob:deutsch_jozsa' on page 1 undefined on input line
 481.

<xymatrix 5x2 638> [258] <xymatrix 4x2 440>
pdfTeX warning (ext4): destination with the same identifier (name{problem.1}) h
as been already used, duplicate ignored
<to be read again> 
                   \relax 
l.551 \begin{problem}[Fredkin gate]
                                   
pdfTeX warning (ext4): destination with the same identifier (name{problem.2}) h
as been already used, duplicate ignored
<to be read again> 
                   \relax 
l.590 	[Baby no-cloning theorem]
                                 <xymatrix 3x2 242>
pdfTeX warning (ext4): destination with the same identifier (name{problem.3}) h
as been already used, duplicate ignored
<to be read again> 
                   \relax 
l.608 \begin{problem}[Deutsch-Jozsa]
                                     <xymatrix 6x2 714> [259]

LaTeX Warning: Reference `ex:simult_measurement' on page 1 undefined on input l
ine 622.

<xymatrix 8x3 1260>) [260]
\openout2 = `tex/quantum/shor.aux'.

 (tex/quantum/shor.tex
chapter 25.
[261





] [262] <xymatrix 8x3 1178> <xymatrix 14x7 2445>
Underfull \vbox (badness 3209) has occurred while \output is active []

 [263]
[264] [265]) [266]
part VIII.
Package scrkbase Info: You've told me to use the font selection of the element
(scrkbase)             `partprefix' that is an alias of element `partnumber'
(scrkbase)              on input line 99.
[267




]
Package minitoc Info: I0006
(minitoc)             Napkin.ptc8 is empty on input line 102.
\openout2 = `tex/calculus/limits.aux'.

 (tex/calculus/limits.tex [268



]
chapter 26.

LaTeX Warning: Reference `prop:arithmetic_continuous' on page 1 undefined on in
put line 13.


pdfTeX warning (ext4): destination with the same identifier (name{theorem.1}) h
as been already used, duplicate ignored
<to be read again> 
                   \relax 
l.26 	[$\RR$ is complete]
                         
pdfTeX warning (ext4): destination with the same identifier (name{theorem.4}) h
as been already used, duplicate ignored
<to be read again> 
                   \relax 
l.68 	[$\RR$ has inf's and sup's]
                                  [269]

Package hyperref Warning: Token not allowed in a PDF string (Unicode):
(hyperref)                removing `math shift' on input line 126.


Package hyperref Warning: Token not allowed in a PDF string (Unicode):
(hyperref)                removing `math shift' on input line 126.


LaTeX Warning: Reference `thm:inf_sup' on page 1 undefined on input line 128.


LaTeX Warning: Reference `thm:complete_R' on page 1 undefined on input line 128
.


LaTeX Warning: Reference `thm:inf_sup' on page 1 undefined on input line 134.


LaTeX Warning: Reference `thm:complete_R' on page 1 undefined on input line 134
.

[270]
\openout4 = `asy/Napkin-26A.asy'.



Package asymptote Warning: file `asy/Napkin-26A.pdf' not found on input line 19
2.


LaTeX Warning: Reference `thm:inf_sup' on page 1 undefined on input line 217.


LaTeX Warning: Reference `thm:inf_sup' on page 1 undefined on input line 240.


LaTeX Warning: Citation 'ref:pugh' on page 271 undefined on input line 246.

[271]

LaTeX Warning: Reference `thm:nonneg_bounded' on page 1 undefined on input line
 261.


pdfTeX warning (ext4): destination with the same identifier (name{theorem.3}) h
as been already used, duplicate ignored
<to be read again> 
                   \relax 
l.273 	[Monotonic bounded sequences converge]
                                              [272] [273] [274]

LaTeX Warning: Reference `thm:monotonic_bounded' on page 1 undefined on input l
ine 455.

\openout4 = `asy/Napkin-26B.asy'.


Package asymptote Warning: file `asy/Napkin-26B.pdf' not found on input line 48
8.

[275]
pdfTeX warning (ext4): destination with the same identifier (name{theorem.4}) h
as been already used, duplicate ignored
<to be read again> 
                   \relax 
l.537 ...n of terms okay for absolute convergence]
                                                  
pdfTeX warning (ext4): destination with the same identifier (name{theorem.5}) h
as been already used, duplicate ignored
<to be read again> 
                   \relax 
l.584 ... meaningless for conditional convergence]
                                                   [276] [277] [278]
pdfTeX warning (ext4): destination with the same identifier (name{problem.1}) h
as been already used, duplicate ignored
<to be read again> 
                   \relax 
l.756 	D
        efine the sequence
pdfTeX warning (ext4): destination with the same identifier (name{problem.2}) h
as been already used, duplicate ignored
<to be read again> 
                   \relax 
l.763 	F
        or which bounded sequences $a_n$
pdfTeX warning (ext4): destination with the same identifier (name{problem.4}) h
as been already used, duplicate ignored
<to be read again> 
                   \relax 
l.779 	[Geometric series]
                         
pdfTeX warning (ext4): destination with the same identifier (name{problem.5}) h
as been already used, duplicate ignored
<to be read again> 
                   \relax 
l.801 	[Alternating series test]
                                
pdfTeX warning (ext4): destination with the same identifier (name{problem.6}) h
as been already used, duplicate ignored
<to be read again> 
                   \relax 
l.830 	[{\cite[Chapter 3, Exercise 55]{ref:pugh}}]
                                                  

LaTeX Warning: Citation 'ref:pugh' on page 279 undefined on input line 830.

File: media/chili.png Graphic file (type png)
<use media/chili.png>
Package pdftex.def Info: media/chili.png  used on input line 831.
(pdftex.def)             Requested size: 16.42499pt x 16.42361pt.

pdfTeX warning (ext4): destination with the same identifier (name{problem.7}) h
as been already used, duplicate ignored
<to be read again> 
                   \relax 
l.867 	[Putnam 2016 B1]
                       
File: media/chili.png Graphic file (type png)
<use media/chili.png>
Package pdftex.def Info: media/chili.png  used on input line 868.
(pdftex.def)             Requested size: 16.42499pt x 16.42361pt.

pdfTeX warning (ext4): destination with the same identifier (name{problem.8}) h
as been already used, duplicate ignored
<to be read again> 
                   \relax 
l.908 	C
        onsider again the function $f \colon \RR \to \RR$

LaTeX Warning: Reference `ex:rational_piecewise' on page 1 undefined on input l
ine 909.

) [279]
\openout2 = `tex/calculus/p-adic.aux'.

 (tex/calculus/p-adic.tex [280





]
chapter 27.
LaTeX Font Info:    External font `lmex10' loaded for size
(Font)              <20.74> on input line 1.
[281] [282] [283] [284] [285] [286]
pdfTeX warning (ext4): destination with the same identifier (name{theorem.7}) h
as been already used, duplicate ignored
<to be read again> 
                   \relax 
l.451 	[Generalized binomial theorem]
                                      [287]
pdfTeX warning (ext4): destination with the same identifier (name{theorem.8}) h
as been already used, duplicate ignored
<to be read again> 
                   \relax 
l.465 	[$\QQ_p$ is complete]
                            

LaTeX Warning: Reference `ex:token' on page 1 undefined on input line 517.

[288]
pdfTeX warning (ext4): destination with the same identifier (name{theorem.1}) h
as been already used, duplicate ignored
<to be read again> 
                   \relax 
l.567 ...eorem 51.1, Exercise 51.b]{ref:schikof}}]
                                                  

LaTeX Warning: Citation 'ref:schikof' on page 289 undefined on input line 567.


LaTeX Warning: Reference `eq:mahler' on page 289 undefined on input line 577.

[289]
pdfTeX warning (ext4): destination with the same identifier (name{theorem.4}) h
as been already used, duplicate ignored
<to be read again> 
                   \relax 
l.610 	[{\cite[Theorem 54.4]{ref:schikof}}]
                                           

LaTeX Warning: Citation 'ref:schikof' on page 290 undefined on input line 610.


pdfTeX warning (ext4): destination with the same identifier (name{theorem.5}) h
as been already used, duplicate ignored
<to be read again> 
                   \relax 
l.618 	[Strassmann's theorem]
                             
pdfTeX warning (ext4): destination with the same identifier (name{theorem.6}) h
as been already used, duplicate ignored
<to be read again> 
                   \relax 
l.628 	[Skolem-Mahler-Lech]
                            [290]
pdfTeX warning (ext4): destination with the same identifier (name{problem.3}) h
as been already used, duplicate ignored
<to be read again> 
                   \relax 
l.686 ...verflow.net/a/81377/70654}{MathOverflow}]
                                                  
pdfTeX warning (ext4): destination with the same identifier (name{problem.4}) h
as been already used, duplicate ignored
<to be read again> 
                   \relax 
l.696 	[USA TST 2011]
                     ) [291]
\openout2 = `tex/calculus/differentiate.aux'.

 (tex/calculus/differentiate.tex [292





]
chapter 28.

LaTeX Warning: Reference `abuse:limit' on page 1 undefined on input line 21.

\openout4 = `asy/Napkin-28A.asy'.


Package asymptote Warning: file `asy/Napkin-28A.pdf' not found on input line 66
.

[293]
pdfTeX warning (ext4): destination with the same identifier (name{theorem.1}) h
as been already used, duplicate ignored
<to be read again> 
                   \relax 
l.130 	[Your friendly high school calculus rules]
                                                 

LaTeX Warning: Reference `abuse:limit' on page 1 undefined on input line 158.

[294]
Overfull \hbox (4.85521pt too wide) in paragraph at lines 181--185
[]\T1/lmr/m/n/10.95 (-20) Then, in the limit as $\OML/lmm/m/it/10.95 h \OMS/lms
y/m/n/10.95 ! \OT1/lmr/m/n/10.95 (-20) 0$\T1/lmr/m/n/10.95 (-20) , we have $[][
] [] \OT1/lmr/m/n/10.95 (-20) = \OML/lmm/m/it/10.95 f[]\OT1/lmr/m/n/10.95 (-20)
 (\OML/lmm/m/it/10.95 p\OT1/lmr/m/n/10.95 (-20) )$\T1/lmr/m/n/10.95 (-20) , whi
le $[][] \OML/lmm/m/it/10.95 Q\OT1/lmr/m/n/10.95 (-20) (\OML/lmm/m/it/10.95 f\O
T1/lmr/m/n/10.95 (-20) (\OML/lmm/m/it/10.95 p \OT1/lmr/m/n/10.95 (-20) +
 []

[295] [296]
pdfTeX warning (ext4): destination with the same identifier (name{theorem.3}) h
as been already used, duplicate ignored
<to be read again> 
                   \relax 
l.314 	[Fermat's theorem on stationary points]
                                              
\openout4 = `asy/Napkin-28B.asy'.



Package asymptote Warning: file `asy/Napkin-28B.pdf' not found on input line 33
2.

\openout4 = `asy/Napkin-28C.asy'.


Package asymptote Warning: file `asy/Napkin-28C.pdf' not found on input line 37
7.

[297]
pdfTeX warning (ext4): destination with the same identifier (name{theorem.1}) h
as been already used, duplicate ignored
<to be read again> 
                   \relax 
l.433 	[Rolle's theorem]
                         [298]
<media/xkcd-rolles.png, id=3619, 314.17375pt x 444.66125pt>
File: media/xkcd-rolles.png Graphic file (type png)
<use media/xkcd-rolles.png>
Package pdftex.def Info: media/xkcd-rolles.png  used on input line 450.
(pdftex.def)             Requested size: 207.3553pt x 293.47733pt.


LaTeX Warning: Citation 'img:xkcd_rolles' on page 299 undefined on input line 4
51.


pdfTeX warning (ext4): destination with the same identifier (name{theorem.2}) h
as been already used, duplicate ignored
<to be read again> 
                   \relax 
l.456 	[Mean value theorem]
                           
\openout4 = `asy/Napkin-28D.asy'.



Package asymptote Warning: file `asy/Napkin-28D.pdf' not found on input line 49
0.

[299 <./media/xkcd-rolles.png>]
pdfTeX warning (ext4): destination with the same identifier (name{theorem.5}) h
as been already used, duplicate ignored
<to be read again> 
                   \relax 
l.560 	[Ratio mean value theorem]
                                  [300]
pdfTeX warning (ext4): destination with the same identifier (name{problem.1}) h
as been already used, duplicate ignored
<to be read again> 
                   \relax 
l.614 	[Quotient rule]
                      
pdfTeX warning (ext4): destination with the same identifier (name{problem.2}) h
as been already used, duplicate ignored
<to be read again> 
                   \relax 
l.624 	F
        or real numbers $x > 0$, how small can $x^x$ be?
pdfTeX warning (ext4): destination with the same identifier (name{problem.3}) h
as been already used, duplicate ignored
<to be read again> 
                   \relax 
l.628 	[RMM 2018]
                 
File: media/chili.png Graphic file (type png)
<use media/chili.png>
Package pdftex.def Info: media/chili.png  used on input line 629.
(pdftex.def)             Requested size: 16.42499pt x 16.42361pt.

pdfTeX warning (ext4): destination with the same identifier (name{problem.4}) h
as been already used, duplicate ignored
<to be read again> 
                   \relax 
l.637 	\onechili
                
File: media/chili.png Graphic file (type png)
<use media/chili.png>
Package pdftex.def Info: media/chili.png  used on input line 637.
(pdftex.def)             Requested size: 16.42499pt x 16.42361pt.

pdfTeX warning (ext4): destination with the same identifier (name{problem.5}) h
as been already used, duplicate ignored
<to be read again> 
                   \relax 
l.643 	[Jensen's inequality]
                            
pdfTeX warning (ext4): destination with the same identifier (name{problem.6}) h
as been already used, duplicate ignored
<to be read again> 
                   \relax 
l.654 	[L'H\^{o}pital rule, or at least one case]
                                                  [301]
pdfTeX warning (ext4): destination with the same identifier (name{problem.7}) h
as been already used, duplicate ignored
<to be read again> 
                   \relax 
l.666 	C
        alculate the derivative of the function $f \colon (0,\infty) \to \RR$)
[302]
\openout2 = `tex/calculus/taylor.aux'.

 (tex/calculus/taylor.tex
chapter 29.

LaTeX Warning: Reference `prob:geometric' on page 1 undefined on input line 33.


[303





]
pdfTeX warning (ext4): destination with the same identifier (name{theorem.4}) h
as been already used, duplicate ignored
<to be read again> 
                   \relax 
l.99 	[Cauchy-Hadamard theorem]
                                [304]
pdfTeX warning (ext4): destination with the same identifier (name{theorem.1}) h
as been already used, duplicate ignored
<to be read again> 
                   \relax 
l.173 	[Differentiation works term by term]
                                            [305] [306]

LaTeX Warning: Reference `prop:taylor_series_are_analytic' on page 1 undefined 
on input line 305.

[307] [308]
pdfTeX warning (ext4): destination with the same identifier (name{problem.1}) h
as been already used, duplicate ignored
<to be read again> 
                   \relax 
l.397 	F
        ind the Taylor series of $\log(1-x)$.
pdfTeX warning (ext4): destination with the same identifier (name{problem.4}) h
as been already used, duplicate ignored
<to be read again> 
                   \relax 
l.433 	[Putnam 2018 A5]
                       
File: media/chili.png Graphic file (type png)
<use media/chili.png>
Package pdftex.def Info: media/chili.png  used on input line 434.
(pdftex.def)             Requested size: 16.42499pt x 16.42361pt.
File: media/chili.png Graphic file (type png)
<use media/chili.png>
Package pdftex.def Info: media/chili.png  used on input line 434.
(pdftex.def)             Requested size: 16.42499pt x 16.42361pt.

pdfTeX warning (ext4): destination with the same identifier (name{problem.5}) h
as been already used, duplicate ignored
<to be read again> 
                   \relax 
l.446 	\threechili
                  
File: media/chili.png Graphic file (type png)
<use media/chili.png>
Package pdftex.def Info: media/chili.png  used on input line 446.
(pdftex.def)             Requested size: 16.42499pt x 16.42361pt.
File: media/chili.png Graphic file (type png)
<use media/chili.png>
Package pdftex.def Info: media/chili.png  used on input line 446.
(pdftex.def)             Requested size: 16.42499pt x 16.42361pt.
File: media/chili.png Graphic file (type png)
<use media/chili.png>
Package pdftex.def Info: media/chili.png  used on input line 446.
(pdftex.def)             Requested size: 16.42499pt x 16.42361pt.
) [309]
\openout2 = `tex/calculus/integrate.aux'.

 (tex/calculus/integrate.tex [310





]
chapter 30.

LaTeX Warning: Citation 'ref:55b' on page 311 undefined on input line 7.


pdfTeX warning (ext4): destination with the same identifier (name{theorem.3}) h
as been already used, duplicate ignored
<to be read again> 
                   \relax 
l.62 	[Uniform continuity free for compact spaces]
                                                   [311]
pdfTeX warning (ext4): destination with the same identifier (name{theorem.4}) h
as been already used, duplicate ignored
<to be read again> 
                   \relax 
l.144 	[Extending uniformly continuous functions]
                                                  [312]
\openout4 = `asy/Napkin-30A.asy'.



Package asymptote Warning: file `asy/Napkin-30A.pdf' not found on input line 23
3.


pdfTeX warning (ext4): destination with the same identifier (name{theorem.3}) h
as been already used, duplicate ignored
<to be read again> 
                   \relax 
l.252 	[The Riemann integral]
                              [313]
\openout4 = `asy/Napkin-30B.asy'.



Package asymptote Warning: file `asy/Napkin-30B.pdf' not found on input line 29
8.

\openout4 = `asy/Napkin-30C.asy'.


Package asymptote Warning: file `asy/Napkin-30C.pdf' not found on input line 35
6.

[314]
pdfTeX warning (ext4): destination with the same identifier (name{theorem.2}) h
as been already used, duplicate ignored
<to be read again> 
                   \relax 
l.360 	[Riemann integral]
                         

LaTeX Warning: Reference `thm:gaitsgory_riemann' on page 1 undefined on input l
ine 374.


LaTeX Warning: Reference `thm:gaitsgory_riemann' on page 1 undefined on input l
ine 377.


LaTeX Warning: Reference `thm:FTC' on page 1 undefined on input line 393.

\openout4 = `asy/Napkin-30D.asy'.


Package asymptote Warning: file `asy/Napkin-30D.pdf' not found on input line 43
6.


LaTeX Warning: Reference `thm:FTC' on page 1 undefined on input line 462.

[315]
pdfTeX warning (ext4): destination with the same identifier (name{problem.1}) h
as been already used, duplicate ignored
<to be read again> 
                   \relax 
l.480 	L
        et $f \colon (a,b) \to \RR$ be differentiable
pdfTeX warning (ext4): destination with the same identifier (name{problem.4}) h
as been already used, duplicate ignored
<to be read again> 
                   \relax 
l.528 	S
        how that) [316]
part IX.
Package scrkbase Info: You've told me to use the font selection of the element
(scrkbase)             `partprefix' that is an alias of element `partnumber'
(scrkbase)              on input line 108.
[317




]
Package minitoc Info: I0006
(minitoc)             Napkin.ptc9 is empty on input line 111.
\openout2 = `tex/complex-ana/holomorphic.aux'.

 (tex/complex-ana/holomorphic.tex [318



]
chapter 31.

LaTeX Warning: Citation 'ref:dartmouth' on page 319 undefined on input line 5.


LaTeX Warning: Citation 'ref:bak_ca' on page 319 undefined on input line 5.

<media/weierstrass-pubdomain.png, id=3833, 501.875pt x 319.1925pt>
File: media/weierstrass-pubdomain.png Graphic file (type png)
<use media/weierstrass-pubdomain.png>
Package pdftex.def Info: media/weierstrass-pubdomain.png  used on input line 55
.
(pdftex.def)             Requested size: 334.60571pt x 212.82045pt.

LaTeX Warning: Citation 'img:weierstrass' on page 319 undefined on input line 5
6.


LaTeX Warning: Citation 'img:weierstrass' on page 319 undefined on input line 5
6.


LaTeX Warning: `h' float specifier changed to `ht'.

[319]

LaTeX Warning: Citation 'ref:pugh' on page 320 undefined on input line 94.

[320 <./media/weierstrass-pubdomain.png>]
\openout4 = `asy/Napkin-31A.asy'.



Package asymptote Warning: file `asy/Napkin-31A.pdf' not found on input line 15
2.

[321]
pdfTeX warning (ext4): destination with the same identifier (name{theorem.1}) h
as been already used, duplicate ignored
<to be read again> 
                   \relax 
l.218 	\label
             {thm:central_cauchy_computation} [322]
\openout4 = `asy/Napkin-31B.asy'.



Package asymptote Warning: file `asy/Napkin-31B.pdf' not found on input line 26
5.

\openout4 = `asy/Napkin-31C.asy'.


Package asymptote Warning: file `asy/Napkin-31C.pdf' not found on input line 29
5.

[323]
\openout4 = `asy/Napkin-31D.asy'.



Package asymptote Warning: file `asy/Napkin-31D.pdf' not found on input line 31
4.


pdfTeX warning (ext4): destination with the same identifier (name{theorem.2}) h
as been already used, duplicate ignored
<to be read again> 
                   \relax 
l.342 	[Cauchy-Goursat theorem]
                               

LaTeX Warning: Citation 'ref:dartmouth' on page 324 undefined on input line 373
.

[324]
pdfTeX warning (ext4): destination with the same identifier (name{theorem.1}) h
as been already used, duplicate ignored
<to be read again> 
                   \relax 
l.378 \begin{theorem}[Cauchy's integral formula]
                                                

LaTeX Warning: Reference `remark:cauchy_integral_intuition' on page 1 undefined
 on input line 400.

\openout4 = `asy/Napkin-31E.asy'.


Package asymptote Warning: file `asy/Napkin-31E.pdf' not found on input line 41
5.

\openout4 = `asy/Napkin-31F.asy'.


Package asymptote Warning: file `asy/Napkin-31F.pdf' not found on input line 43
6.

[325]

LaTeX Warning: Reference `thm:central_cauchy_computation' on page 1 undefined o
n input line 472.

[326]
pdfTeX warning (ext4): destination with the same identifier (name{theorem.1}) h
as been already used, duplicate ignored
<to be read again> 
                   \relax 
l.529 	[Cauchy's differentiation formula]
                                          [327]

LaTeX Warning: Reference `remark:cauchy_integral_intuition' on page 1 undefined
 on input line 577.


LaTeX Warning: Reference `prop:taylor_series_are_analytic' on page 1 undefined 
on input line 608.

[328]
pdfTeX warning (ext4): destination with the same identifier (name{theorem.2}) h
as been already used, duplicate ignored
<to be read again> 
                   \relax 
l.626 	S
        uppose $\oint_\gamma f \; dz \neq 0$.
\openout4 = `asy/Napkin-31G.asy'.



Package asymptote Warning: file `asy/Napkin-31G.pdf' not found on input line 65
6.

\openout4 = `asy/Napkin-31H.asy'.


Package asymptote Warning: file `asy/Napkin-31H.pdf' not found on input line 68
4.

[329]

LaTeX Warning: Reference `ex:failure_interchange_lim_int' on page 1 undefined o
n input line 757.

[330]

LaTeX Warning: Reference `prop:taylor_series_are_analytic' on page 1 undefined 
on input line 766.

File: media/chili.png Graphic file (type png)
<use media/chili.png>
Package pdftex.def Info: media/chili.png  used on input line 777.
(pdftex.def)             Requested size: 16.42499pt x 16.42361pt.
File: media/chili.png Graphic file (type png)
<use media/chili.png>
Package pdftex.def Info: media/chili.png  used on input line 826.
(pdftex.def)             Requested size: 16.42499pt x 16.42361pt.

pdfTeX warning (ext4): destination with the same identifier (name{problem.5}) h
as been already used, duplicate ignored
<to be read again> 
                   \relax 
l.870 	[Harvard quals]
                      
pdfTeX warning (ext4): destination with the same identifier (name{problem.6}) h
as been already used, duplicate ignored
<to be read again> 
                   \relax 
l.886 ...n{problem}[Removable singularity theorem]
                                                  ) [331]
\openout2 = `tex/complex-ana/meromorphic.aux'.


(tex/complex-ana/meromorphic.tex [332





]
chapter 32.
[333] [334] [335]
Underfull \vbox (badness 10000) has occurred while \output is active []

 [336]
pdfTeX warning (ext4): destination with the same identifier (name{theorem.3}) h
as been already used, duplicate ignored
<to be read again> 
                   \relax 
l.293 	[Cauchy's residue theorem]
                                  [337]

LaTeX Warning: Reference `thm:cauchy_integral_formula' on page 1 undefined on i
nput line 350.

[338]

LaTeX Warning: Reference `ex:angle_form' on page 1 undefined on input line 429.



pdfTeX warning (ext4): destination with the same identifier (name{theorem.2}) h
as been already used, duplicate ignored
<to be read again> 
                   \relax 
l.432 	[Argument principle]
                            [339]

LaTeX Warning: Reference `ch:complex_log' on page 1 undefined on input line 480
.

[340]

LaTeX Warning: Reference `sec:lifting_thm' on page 1 undefined on input line 50
2.

\openout4 = `asy/Napkin-32A.asy'.


Package asymptote Warning: file `asy/Napkin-32A.pdf' not found on input line 53
8.


pdfTeX warning (ext4): destination with the same identifier (name{problem.1}) h
as been already used, duplicate ignored
<to be read again> 
                   \relax 
l.569 	[Fundamental theorem of algebra]
                                       
pdfTeX warning (ext4): destination with the same identifier (name{problem.3}) h
as been already used, duplicate ignored
<to be read again> 
                   \relax 
l.585 	[Wedge contour]
                      
File: media/chili.png Graphic file (type png)
<use media/chili.png>
Package pdftex.def Info: media/chili.png  used on input line 586.
(pdftex.def)             Requested size: 16.42499pt x 16.42361pt.
 [341]
pdfTeX warning (ext4): destination with the same identifier (name{problem.4}) h
as been already used, duplicate ignored
<to be read again> 
                   \relax 
l.603 	[Another contour]
                        
File: media/chili.png Graphic file (type png)
<use media/chili.png>
Package pdftex.def Info: media/chili.png  used on input line 604.
(pdftex.def)             Requested size: 16.42499pt x 16.42361pt.
File: media/chili.png Graphic file (type png)
<use media/chili.png>
Package pdftex.def Info: media/chili.png  used on input line 604.
(pdftex.def)             Requested size: 16.42499pt x 16.42361pt.
File: media/chili.png Graphic file (type png)
<use media/chili.png>
Package pdftex.def Info: media/chili.png  used on input line 618.
(pdftex.def)             Requested size: 16.42499pt x 16.42361pt.
) [342]
\openout2 = `tex/complex-ana/log.aux'.

 (tex/complex-ana/log.tex
chapter 33.

LaTeX Warning: Reference `thm:nth_root' on page 1 undefined on input line 4.


LaTeX Warning: Reference `thm:holomorphic_log' on page 1 undefined on input lin
e 4.


LaTeX Warning: Reference `cor:nonvanishing' on page 1 undefined on input line 5
.


LaTeX Warning: Reference `cor:principal' on page 1 undefined on input line 5.

\openout4 = `asy/Napkin-33A.asy'.


Package asymptote Warning: file `asy/Napkin-33A.pdf' not found on input line 64
.

\openout4 = `asy/Napkin-33B.asy'.


Package asymptote Warning: file `asy/Napkin-33B.pdf' not found on input line 11
1.

\openout4 = `asy/Napkin-33C.asy'.


Package asymptote Warning: file `asy/Napkin-33C.pdf' not found on input line 14
4.

[343





]
\openout4 = `asy/Napkin-33D.asy'.



Package asymptote Warning: file `asy/Napkin-33D.pdf' not found on input line 21
1.

[344]

LaTeX Warning: Reference `thm:lifting' on page 1 undefined on input line 248.


pdfTeX warning (ext4): destination with the same identifier (name{theorem.2}) h
as been already used, duplicate ignored
<to be read again> 
                   \relax 
l.267 	[Existence of holomorphic $n$th roots]
                                              [345]
pdfTeX warning (ext4): destination with the same identifier (name{theorem.2}) h
as been already used, duplicate ignored
<to be read again> 
                   \relax 
l.299 	[Existence of logarithms]
                                
pdfTeX warning (ext4): destination with the same identifier (name{theorem.2}) h
as been already used, duplicate ignored
<to be read again> 
                   \relax 
l.329 \begin{theorem}[Branch cut functions]
                                           
pdfTeX warning (ext4): destination with the same identifier (name{problem.1}) h
as been already used, duplicate ignored
<to be read again> 
                   \relax 
l.354 	S
        how that a holomorphic function $f \colon U \to \CC$ [346]
pdfTeX warning (ext4): destination with the same identifier (name{problem.2}) h
as been already used, duplicate ignored
<to be read again> 
                   \relax 
l.360 	S
        how that the function $f \colon U \to \CC$) [347]
\openout2 = `tex/complex-ana/quintic.aux'.


(tex/complex-ana/quintic.tex [348





]
chapter 34.
\openout4 = `asy/Napkin-34A.asy'.


Package asymptote Warning: file `asy/Napkin-34A.pdf' not found on input line 64
.

[349]
\openout4 = `asy/Napkin-34B.asy'.



Package asymptote Warning: file `asy/Napkin-34B.pdf' not found on input line 12
1.

[350]

LaTeX Warning: Reference `prob:A_5_not_solvable' on page 1 undefined on input l
ine 179.


pdfTeX warning (ext4): destination with the same identifier (name{problem.1}) h
as been already used, duplicate ignored
<to be read again> 
                   \relax 
l.195 	\onechili
                
File: media/chili.png Graphic file (type png)
<use media/chili.png>
Package pdftex.def Info: media/chili.png  used on input line 195.
(pdftex.def)             Requested size: 16.42499pt x 16.42361pt.
) [351] [352




]
part X.
Package scrkbase Info: You've told me to use the font selection of the element
(scrkbase)             `partprefix' that is an alias of element `partnumber'
(scrkbase)              on input line 116.
[353]
Package minitoc Info: I0006
(minitoc)             Napkin.ptc10 is empty on input line 119.
\openout2 = `tex/measure/measure-space.aux'.

 (tex/measure/measure-space.tex [354



]
chapter 35.
[355]

Package hyperref Warning: Token not allowed in a PDF string (Unicode):
(hyperref)                removing `math shift' on input line 135.


Package hyperref Warning: Token not allowed in a PDF string (Unicode):
(hyperref)                removing `math shift' on input line 135.


Underfull \vbox (badness 1527) has occurred while \output is active []

 [356]

LaTeX Warning: Reference `sec:define_lebesgue_measure' on page 1 undefined on i
nput line 177.

[357] [358] [359]

LaTeX Warning: Reference `sec:lebesgue_int_equivalent_def' on page 1 undefined 
on input line 378.


Underfull \vbox (badness 1910) has occurred while \output is active []

 [360]
pdfTeX warning (ext4): destination with the same identifier (name{problem.2}) h
as been already used, duplicate ignored
<to be read again> 
                   \relax 
l.469 	[On countable $\sigma$-algebras]
                                       
File: media/chili.png Graphic file (type png)
<use media/chili.png>
Package pdftex.def Info: media/chili.png  used on input line 470.
(pdftex.def)             Requested size: 16.42499pt x 16.42361pt.
) [361]
\openout2 = `tex/measure/caratheodory.aux'.

 (tex/measure/caratheodory.tex
[362





]
chapter 36.
\openout4 = `asy/Napkin-36A.asy'.


Package asymptote Warning: file `asy/Napkin-36A.pdf' not found on input line 51
.

[363]

LaTeX Warning: Reference `exer:cubes_vs_open' on page 1 undefined on input line
 105.


LaTeX Warning: Reference `prop:lebesgue_rectangle' on page 1 undefined on input
 line 108.


LaTeX Warning: Reference `prop:lebesgue_rectangle' on page 1 undefined on input
 line 126.


LaTeX Warning: Reference `pr:construct_outer_measure' on page 1 undefined on in
put line 154.

[364]
pdfTeX warning (ext4): destination with the same identifier (name{theorem.2}) h
as been already used, duplicate ignored
<to be read again> 
                   \relax 
l.184 ...ructing outer measures from pre-measures]
                                                  

LaTeX Warning: Reference `prop:cm_compatible' on page 1 undefined on input line
 199.


LaTeX Warning: Reference `thm:construct_outer' on page 1 undefined on input lin
e 202.


LaTeX Warning: Reference `pr:construct_outer_measure' on page 1 undefined on in
put line 204.

[365]
Package hyperref Info: bookmark level for unknown todo defaults to 0 on input l
ine 235.


LaTeX Warning: Reference `prop:lebesgue_geo' on page 1 undefined on input line 
257.


LaTeX Warning: Reference `thm:construct_outer' on page 1 undefined on input lin
e 268.


LaTeX Warning: Reference `thm:construct_outer' on page 1 undefined on input lin
e 274.

[366]
pdfTeX warning (ext4): destination with the same identifier (name{theorem.4}) h
as been already used, duplicate ignored
<to be read again> 
                   \relax 
l.312 ...ory extension theorem for outer measures]
                                                  
Overfull \hbox (10.34335pt too wide) in paragraph at lines 321--325
[]\T1/lmr/m/n/10.95 (-20) (Phonetic re-mark: you can think of the su-per-script
 $[][]$ as stand-ing for ei-ther ``Carathéodory
 []


LaTeX Warning: Reference `thm:construct_outer' on page 1 undefined on input lin
e 326.


LaTeX Warning: Reference `thm:cara_outer' on page 1 undefined on input line 326
.


LaTeX Warning: Reference `thm:construct_outer' on page 1 undefined on input lin
e 330.


LaTeX Warning: Reference `prop:cm_compatible' on page 1 undefined on input line
 331.


LaTeX Warning: Reference `thm:construct_outer' on page 1 undefined on input lin
e 360.

[367]

LaTeX Warning: Reference `thm:cara_outer' on page 1 undefined on input line 364
.

<media/cantor-thirds.png, id=4331, 1027.84pt x 166.6225pt>
File: media/cantor-thirds.png Graphic file (type png)
<use media/cantor-thirds.png>
Package pdftex.def Info: media/cantor-thirds.png  used on input line 417.
(pdftex.def)             Requested size: 313.25322pt x 50.78036pt.

LaTeX Warning: Citation 'img:cantor' on page 368 undefined on input line 418.

[368 <./media/cantor-thirds.png>]
pdfTeX warning (ext4): destination with the same identifier (name{theorem.7}) h
as been already used, duplicate ignored
<to be read again> 
                   \relax 
l.495 	[Lebesgue is completion of Borel]
                                        

LaTeX Warning: Reference `exer:cubes_vs_open' on page 1 undefined on input line
 500.


LaTeX Warning: Reference `thm:cara_premeasure' on page 1 undefined on input lin
e 501.

[369]
pdfTeX warning (ext4): destination with the same identifier (name{theorem.5}) h
as been already used, duplicate ignored
<to be read again> 
                   \relax 
l.540 ...odory extension theorem for pre-measures]
                                                  

LaTeX Warning: Reference `thm:cara_outer' on page 1 undefined on input line 544
.


LaTeX Warning: Reference `thm:cara_premeasure' on page 1 undefined on input lin
e 587.


LaTeX Warning: Reference `thm:construct_outer' on page 1 undefined on input lin
e 588.


LaTeX Warning: Reference `thm:cara_outer' on page 1 undefined on input line 588
.

[370]

Package todonotes Warning: Trying to put a shadow below a todonote,but the load
shadowlibrary option was not given when loadingthe todonotes package on input l
ine 595.


pdfTeX warning (ext4): destination with the same identifier (name{problem.2}) h
as been already used, duplicate ignored
<to be read again> 
                   \relax 
l.613 	[The insane scientist]
                             

LaTeX Warning: Reference `pr:construct_outer_measure' on page 1 undefined on in
put line 619.


pdfTeX warning (ext4): destination with the same identifier (name{problem.3}) h
as been already used, duplicate ignored
<to be read again> 
                   \relax 
l.640 	\onechili
                
File: media/chili.png Graphic file (type png)
<use media/chili.png>
Package pdftex.def Info: media/chili.png  used on input line 640.
(pdftex.def)             Requested size: 16.42499pt x 16.42361pt.
) [371]
\openout2 = `tex/measure/lebesgue-int.aux'.

 (tex/measure/lebesgue-int.tex [372





]
chapter 37.
Package hyperref Info: bookmark level for unknown step defaults to 0 on input l
ine 27.
[373] [374] [375]
pdfTeX warning (ext4): destination with the same identifier (name{step.1}) has 
been already used, duplicate ignored
<to be read again> 
                   \relax 
l.196 	[The region under the graph]
                                   
pdfTeX warning (ext4): destination with the same identifier (name{step.2}) has 
been already used, duplicate ignored
<to be read again> 
                   \relax 
l.216 ...$\Omega \times \RR$ into a measure space]
                                                  
pdfTeX warning (ext4): destination with the same identifier (name{step.3}) has 
been already used, duplicate ignored
<to be read again> 
                   \relax 
l.225 	[Nonnegative functions]
                              

LaTeX Warning: Reference `sec:measurable_functions' on page 1 undefined on inpu
t line 230.


pdfTeX warning (ext4): destination with the same identifier (name{step.4}) has 
been already used, duplicate ignored
<to be read again> 
                   \relax 
l.238 	[Absolutely integrable functions]
                                        
Underfull \vbox (badness 10000) has occurred while \output is active []

 [376]
pdfTeX warning (ext4): destination with the same identifier (name{theorem.1}) h
as been already used, duplicate ignored
<to be read again> 
                   \relax 
l.248 ...ue integral generalizes Riemann integral]
                                                  

LaTeX Warning: Reference `prob:sin_improper' on page 1 undefined on input line 
257.


pdfTeX warning (ext4): destination with the same identifier (name{theorem.3}) h
as been already used, duplicate ignored
<to be read again> 
                   \relax 
l.283 	[Improper integrals are nice Lebesgue ones]
                                                   [377]

LaTeX Warning: Reference `prob:improper' on page 1 undefined on input line 309.



LaTeX Warning: Reference `prob:sin_improper' on page 1 undefined on input line 
318.

) [378]
\openout2 = `tex/measure/swapsum.aux'.

 (tex/measure/swapsum.tex
chapter 38.

LaTeX Warning: Reference `prob:1QQ' on page 1 undefined on input line 14.


Underfull \hbox (badness 1509) in paragraph at lines 50--52
[][]\T1/lmr/m/n/10.95 (+20) If $\OML/lmm/m/it/10.95 f[]; f[]; []  [] [] \OT1/lm
r/m/n/10.95 (+20) 
 \OMS/lmsy/m/n/10.95 ! \U/msb/m/n/10.95 R$ \T1/lmr/m/n/10.95 (+20) are mea-sur-
able func-tions, then $[][] \OML/lmm/m/it/10.95 f[]$ \T1/lmr/m/n/10.95 (+20) an
d
 []


LaTeX Warning: Reference `prob:sin_improper' on page 1 undefined on input line 
55.

[379





] [380]
Underfull \vbox (badness 3396) has occurred while \output is active []

 [381]

LaTeX Warning: Reference `ex:1QQindicator' on page 1 undefined on input line 21
0.

[382]

LaTeX Warning: Reference `ex:1QQindicator' on page 1 undefined on input line 27
6.


pdfTeX warning (ext4): destination with the same identifier (name{theorem.8}) h
as been already used, duplicate ignored
<to be read again> 
                   \relax 
l.301 	[Egorov's theorem]
                          [383]
pdfTeX warning (ext4): destination with the same identifier (name{theorem.9}) h
as been already used, duplicate ignored
<to be read again> 
                   \relax 
l.320 	[Uniform convergence theorem]
                                    

LaTeX Warning: Reference `ex:failure_interchange_lim_int' on page 1 undefined o
n input line 337.


Package todonotes Warning: Trying to put a shadow below a todonote,but the load
shadowlibrary option was not given when loadingthe todonotes package on input l
ine 359.


Package todonotes Warning: Trying to put a shadow below a todonote,but the load
shadowlibrary option was not given when loadingthe todonotes package on input l
ine 362.

[384]) [385]
\openout2 = `tex/measure/pontryagin.aux'.

 (tex/measure/pontryagin.tex [386





]
chapter 39.

LaTeX Warning: Reference `ch:fourier' on page 1 undefined on input line 6.


pdfTeX warning (ext4): destination with the same identifier (name{theorem.4}) h
as been already used, duplicate ignored
<to be read again> 
                   \relax 
l.53 	[Haar measure]
                    
Underfull \vbox (badness 2285) has occurred while \output is active []

 [387]

LaTeX Warning: Reference `sec:FTFGAG' on page 1 undefined on input line 114.

[388]
pdfTeX warning (ext4): destination with the same identifier (name{theorem.4}) h
as been already used, duplicate ignored
<to be read again> 
                   \relax 
l.126 	[Pontryagin duality theorem]
                                   

LaTeX Warning: Reference `prob:LCA_compact' on page 1 undefined on input line 1
39.


pdfTeX warning (ext4): destination with the same identifier (name{theorem.1}) h
as been already used, duplicate ignored
<to be read again> 
                   \relax 
l.153 ...ers of $\wh G$ form an orthonormal basis]
                                                   [389]

LaTeX Warning: Reference `thm:god' on page 1 undefined on input line 178.


pdfTeX warning (ext4): destination with the same identifier (name{theorem.1}) h
as been already used, duplicate ignored
<to be read again> 
                   \relax 
l.185 ...nversion formula in the non-compact case]
                                                  
pdfTeX warning (ext4): destination with the same identifier (name{problem.1}) h
as been already used, duplicate ignored
<to be read again> 
                   \relax 
l.243 	I
        f $G$ is compact, so $\wh G$ is discrete, [390]
pdfTeX warning (ext4): destination with the same identifier (name{problem.2}) h
as been already used, duplicate ignored
<to be read again> 
                   \relax 
l.254 	\label
             {prob:LCA_compact}) [391] [392




]
part XI.
Package scrkbase Info: You've told me to use the font selection of the element
(scrkbase)             `partprefix' that is an alias of element `partnumber'
(scrkbase)              on input line 125.
[393]
Package minitoc Info: I0006
(minitoc)             Napkin.ptc11 is empty on input line 128.
\openout2 = `tex/measure/randvar.aux'.

 (tex/measure/randvar.tex [394



]
chapter 40.

Package todonotes Warning: Trying to put a shadow below a todonote,but the load
shadowlibrary option was not given when loadingthe todonotes package on input l
ine 3.


pdfTeX warning (ext4): destination with the same identifier (name{theorem.4}) h
as been already used, duplicate ignored
<to be read again> 
                   \relax 
l.41 	[Linearity of expectation]
                                
pdfTeX warning (ext4): destination with the same identifier (name{problem.1}) h
as been already used, duplicate ignored
<to be read again> 
                   \relax 
l.63 	[Equidistribution]
                        
Underfull \vbox (badness 1024) has occurred while \output is active []

 [395]
pdfTeX warning (ext4): destination with the same identifier (name{problem.2}) h
as been already used, duplicate ignored
<to be read again> 
                   \relax 
l.73 ...ength of triangle independent from median]
                                                  ) [396]
\openout2 = `tex/measure/large-laws.aux'.


(tex/measure/large-laws.tex
chapter 41.

Package todonotes Warning: Trying to put a shadow below a todonote,but the load
shadowlibrary option was not given when loadingthe todonotes package on input l
ine 3.

[397





]

Package todonotes Warning: Trying to put a shadow below a todonote,but the load
shadowlibrary option was not given when loadingthe todonotes package on input l
ine 68.


pdfTeX warning (ext4): destination with the same identifier (name{theorem.1}) h
as been already used, duplicate ignored
<to be read again> 
                   \relax 
l.123 \begin{theorem}[Strong law of large numbers]
                                                   [398]
Underfull \vbox (badness 1348) has occurred while \output is active []

 [399]
pdfTeX warning (ext4): destination with the same identifier (name{theorem.5}) h
as been already used, duplicate ignored
<to be read again> 
                   \relax 
l.204 \begin{theorem}[Chebyshev's inequality]
                                             
pdfTeX warning (ext4): destination with the same identifier (name{theorem.6}) h
as been already used, duplicate ignored
<to be read again> 
                   \relax 
l.220 \begin{theorem}[Kolmogorov's inequality]
                                               [400] [401]

Package todonotes Warning: Trying to put a shadow below a todonote,but the load
shadowlibrary option was not given when loadingthe todonotes package on input l
ine 327.


pdfTeX warning (ext4): destination with the same identifier (name{problem.1}) h
as been already used, duplicate ignored
<to be read again> 
                   \relax 
l.331 	[Quantifier hell]
                        
File: media/chili.png Graphic file (type png)
<use media/chili.png>
Package pdftex.def Info: media/chili.png  used on input line 332.
(pdftex.def)             Requested size: 16.42499pt x 16.42361pt.
 [402]
pdfTeX warning (ext4): destination with the same identifier (name{problem.2}) h
as been already used, duplicate ignored
<to be read again> 
                   \relax 
l.370 ...st sure convorgence is not topologizable]
                                                  ) [403]
\openout2 = `tex/measure/martingale.aux'.


(tex/measure/martingale.tex [404





]
chapter 42.

Package hyperref Warning: Token not allowed in a PDF string (Unicode):
(hyperref)                removing `math shift' on input line 50.


Package hyperref Warning: Token not allowed in a PDF string (Unicode):
(hyperref)                removing `math shift' on input line 50.

[405] [406]
Overfull \hbox (1.30296pt too wide) in paragraph at lines 155--156
[]$\U/rsfs/m/n/10.95 F[] \OT1/lmr/m/n/10.95 (-20) = \OMS/lmsy/m/n/10.95 f\U/msb
/m/n/10.95 ?\OML/lmm/m/it/10.95 ; []; []; \OT1/lmr/m/n/10.95 (-20) 
\OML/lmm/m/it/10.95 ; []; [] \OMS/lmsy/m/n/10.95 g$\T1/lmr/m/n/10.95 (-20) . 
 []


Underfull \vbox (badness 1314) has occurred while \output is active []

 [407]
[408] [409]

LaTeX Warning: Reference `prop:conditional_exp' on page 1 undefined on input li
ne 346.


Package todonotes Warning: Trying to put a shadow below a todonote,but the load
shadowlibrary option was not given when loadingthe todonotes package on input l
ine 375.

[410]

Package todonotes Warning: Trying to put a shadow below a todonote,but the load
shadowlibrary option was not given when loadingthe todonotes package on input l
ine 399.

[411]
pdfTeX warning (ext4): destination with the same identifier (name{theorem.5}) h
as been already used, duplicate ignored
<to be read again> 
                   \relax 
l.482 	[Doob's martingale convergence theorem]
                                               [412]

LaTeX Warning: Reference `thm:doob_martingale_converge' on page 1 undefined on 
input line 560.


pdfTeX warning (ext4): destination with the same identifier (name{theorem.3}) h
as been already used, duplicate ignored
<to be read again> 
                   \relax 
l.588 	[Doob's optional stopping theorem]
                                         
Underfull \vbox (badness 1237) has occurred while \output is active []

 [413]

Package todonotes Warning: Trying to put a shadow below a todonote,but the load
shadowlibrary option was not given when loadingthe todonotes package on input l
ine 613.

[414]

LaTeX Warning: Reference `ex:supermartingales' on page 1 undefined on input lin
e 663.


LaTeX Warning: Reference `exer:martingale' on page 1 undefined on input line 70
2.

[415]

LaTeX Warning: Reference `exer:martingale' on page 1 undefined on input line 73
7.

[416]
Overfull \hbox (71.18958pt too wide) in paragraph at lines 765--766
[][][]$\T1/lmtt/m/n/10.95 https : / / www . jeremykun . com / 2014 / 03 / 03 / 
martingales-[]and-[]the-[]optional-[]stopping-[]theorem/$[][] 
 []


pdfTeX warning (ext4): destination with the same identifier (name{problem.1}) h
as been already used, duplicate ignored
<to be read again> 
                   \relax 
l.776 	[Examples of martingales]
                                
pdfTeX warning (ext4): destination with the same identifier (name{problem.2}) h
as been already used, duplicate ignored
<to be read again> 
                   \relax 
l.809 	A
         deck has $52$ cards; of them $26$ are red and $26$ are black.
pdfTeX warning (ext4): destination with the same identifier (name{problem.3}) h
as been already used, duplicate ignored
<to be read again> 
                   \relax 
l.825 	[Wald's identity]
                        
pdfTeX warning (ext4): destination with the same identifier (name{problem.4}) h
as been already used, duplicate ignored
<to be read again> 
                   \relax 
l.838 	[Unbiased drunkard's walk]
                                 
pdfTeX warning (ext4): destination with the same identifier (name{problem.5}) h
as been already used, duplicate ignored
<to be read again> 
                   \relax 
l.851 	[Biased drunkard's walk]
                                [417]
pdfTeX warning (ext4): destination with the same identifier (name{problem.6}) h
as been already used, duplicate ignored
<to be read again> 
                   \relax 
l.863 	T
        he number $1$ is written on a blackboard.) [418]
part XII.
Package scrkbase Info: You've told me to use the font selection of the element
(scrkbase)             `partprefix' that is an alias of element `partnumber'
(scrkbase)              on input line 132.
[419




]
Package minitoc Info: I0006
(minitoc)             Napkin.ptc12 is empty on input line 135.
\openout2 = `tex/diffgeo/multivar.aux'.

 (tex/diffgeo/multivar.tex [420



]
chapter 43.
\openout4 = `asy/Napkin-43A.asy'.


Package asymptote Warning: file `asy/Napkin-43A.pdf' not found on input line 42
.

<media/tangent.pdf, id=4876, 256.07669pt x 215.84639pt>
File: media/tangent.pdf Graphic file (type pdf)
<use media/tangent.pdf>
Package pdftex.def Info: media/tangent.pdf  used on input line 74.
(pdftex.def)             Requested size: 256.07607pt x 215.84586pt.
[421]

LaTeX Warning: Citation 'img:tangentplane' on page 422 undefined on input line 
75.


LaTeX Warning: Citation 'ref:pugh' on page 422 undefined on input line 88.

[422 <./media/tangent.pdf>]
pdfTeX warning (ext4): destination with the same identifier (name{theorem.1}) h
as been already used, duplicate ignored
<to be read again> 
                   \relax 
l.167 \begin{theorem}[Projection principle]
                                           
Underfull \vbox (badness 3838) has occurred while \output is active []

 [423]
[424]
pdfTeX warning (ext4): destination with the same identifier (name{theorem.6}) h
as been already used, duplicate ignored
<to be read again> 
                   \relax 
l.277 ...ntinuous partials implies differentiable]
                                                   [425]

LaTeX Warning: Reference `thm:apcalc_partials' on page 1 undefined on input lin
e 314.

[426]
pdfTeX warning (ext4): destination with the same identifier (name{theorem.2}) h
as been already used, duplicate ignored
<to be read again> 
                   \relax 
l.345 	[Symmetry of $D^2 f$]
                            

LaTeX Warning: Citation 'ref:pugh' on page 427 undefined on input line 350.


pdfTeX warning (ext4): destination with the same identifier (name{problem.2}) h
as been already used, duplicate ignored
<to be read again> 
                   \relax 
l.387 	L
        et $U \subseteq V$ be open, and $f \colon U \to \RR$ be differentiab...
) [427]
\openout2 = `tex/diffgeo/forms.aux'.

 (tex/diffgeo/forms.tex [428





]
chapter 44.
\openout4 = `asy/Napkin-44A.asy'.


Package asymptote Warning: file `asy/Napkin-44A.pdf' not found on input line 31
.

\openout4 = `asy/Napkin-44B.asy'.


Package asymptote Warning: file `asy/Napkin-44B.pdf' not found on input line 64
.

[429]
\openout4 = `asy/Napkin-44C.asy'.



Package asymptote Warning: file `asy/Napkin-44C.pdf' not found on input line 13
6.


LaTeX Warning: Reference `sec:wedge_product_dual' on page 1 undefined on input 
line 150.

\openout4 = `asy/Napkin-44D.asy'.


Package asymptote Warning: file `asy/Napkin-44D.pdf' not found on input line 17
3.

[430]
\openout4 = `asy/Napkin-44E.asy'.



Package asymptote Warning: file `asy/Napkin-44E.pdf' not found on input line 22
5.

<media/stokes-patch.png, id=4986, 803.0pt x 427.5975pt>
File: media/stokes-patch.png Graphic file (type png)
<use media/stokes-patch.png>
Package pdftex.def Info: media/stokes-patch.png  used on input line 228.
(pdftex.def)             Requested size: 170.71652pt x 90.9073pt.

LaTeX Warning: Citation 'img:stokes' on page 431 undefined on input line 229.

[431 <./media/stokes-patch.png>]

LaTeX Warning: Reference `thm:project_principle' on page 1 undefined on input l
ine 275.

\openout4 = `asy/Napkin-44F.asy'.


Package asymptote Warning: file `asy/Napkin-44F.pdf' not found on input line 35
0.

[432]

LaTeX Warning: Reference `abuse:dx' on page 1 undefined on input line 427.

[433]
pdfTeX warning (ext4): destination with the same identifier (name{theorem.6}) h
as been already used, duplicate ignored
<to be read again> 
                   \relax 
l.431 ...in{theorem}[Exterior derivative vanishes]
                                                  

LaTeX Warning: Reference `prob:dd_zero' on page 1 undefined on input line 437.


Package hyperref Warning: Token not allowed in a PDF string (Unicode):
(hyperref)                removing `math shift' on input line 465.


Package hyperref Warning: Token not allowed in a PDF string (Unicode):
(hyperref)                removing `\bigwedge@' on input line 465.


Package hyperref Warning: Token not allowed in a PDF string (Unicode):
(hyperref)                removing `\slimits@' on input line 465.


Package hyperref Warning: Token not allowed in a PDF string (Unicode):
(hyperref)                removing `superscript' on input line 465.


Package hyperref Warning: Token not allowed in a PDF string (Unicode):
(hyperref)                removing `superscript' on input line 465.


Package hyperref Warning: Token not allowed in a PDF string (Unicode):
(hyperref)                removing `\vee' on input line 465.


Package hyperref Warning: Token not allowed in a PDF string (Unicode):
(hyperref)                removing `math shift' on input line 465.


Package hyperref Warning: Token not allowed in a PDF string (Unicode):
(hyperref)                removing `math shift' on input line 465.


Package hyperref Warning: Token not allowed in a PDF string (Unicode):
(hyperref)                removing `\bigwedge@' on input line 465.


Package hyperref Warning: Token not allowed in a PDF string (Unicode):
(hyperref)                removing `\slimits@' on input line 465.


Package hyperref Warning: Token not allowed in a PDF string (Unicode):
(hyperref)                removing `superscript' on input line 465.


Package hyperref Warning: Token not allowed in a PDF string (Unicode):
(hyperref)                removing `superscript' on input line 465.


Package hyperref Warning: Token not allowed in a PDF string (Unicode):
(hyperref)                removing `\vee' on input line 465.


Package hyperref Warning: Token not allowed in a PDF string (Unicode):
(hyperref)                removing `math shift' on input line 465.

[434]

LaTeX Warning: Reference `def:evaluate_differential_form' on page 1 undefined o
n input line 472.

[435] [436]

Package hyperref Warning: Token not allowed in a PDF string (Unicode):
(hyperref)                removing `math shift' on input line 619.


Package hyperref Warning: Token not allowed in a PDF string (Unicode):
(hyperref)                removing `math shift' on input line 619.


Package hyperref Warning: Token not allowed in a PDF string (Unicode):
(hyperref)                removing `math shift' on input line 619.


Package hyperref Warning: Token not allowed in a PDF string (Unicode):
(hyperref)                removing `math shift' on input line 619.


LaTeX Warning: Reference `prob:ds_not_a_form' on page 1 undefined on input line
 628.

[437] [438]
pdfTeX warning (ext4): destination with the same identifier (name{problem.1}) h
as been already used, duplicate ignored
<to be read again> 
                   \relax 
l.758 	S
        how directly that the angle form
pdfTeX warning (ext4): destination with the same identifier (name{problem.2}) h
as been already used, duplicate ignored
<to be read again> 
                   \relax 
l.764 	\label
             {prob:dd_zero}

LaTeX Warning: Reference `thm:dd_zero' on page 1 undefined on input line 765.

) [439]
\openout2 = `tex/diffgeo/stokes.aux'.

 (tex/diffgeo/stokes.tex [440





]
chapter 45.
\openout4 = `asy/Napkin-45A.asy'.


Package asymptote Warning: file `asy/Napkin-45A.pdf' not found on input line 54
.

[441]
\openout4 = `asy/Napkin-45B.asy'.



Package asymptote Warning: file `asy/Napkin-45B.pdf' not found on input line 13
3.


LaTeX Warning: Reference `thm:project_principle' on page 1 undefined on input l
ine 160.

[442]
Overfull \hbox (11.37985pt too wide) in paragraph at lines 225--228
[]\T1/lmr/m/n/10.95 (-20) Since $\OML/lmm/m/it/10.95 c[]$ \T1/lmr/m/n/10.95 (-
20) is a $\OML/lmm/m/it/10.95 k$\T1/lmr/m/n/10.95 (-20) -form on the $\OML/lmm/
m/it/10.95 k$\T1/lmr/m/n/10.95 (-20) -dimensional unit box, it can be writ-ten 
as $\OML/lmm/m/it/10.95 f\OT1/lmr/m/n/10.95 (-20) (\OML/lmm/m/it/10.95 x[]; [] 
; x[]\OT1/lmr/m/n/10.95 (-20) ) \OML/lmm/m/it/10.95 dx[] \OMS/lmsy/m/n/10.95 ^
 []

[443]
pdfTeX warning (ext4): destination with the same identifier (name{theorem.6}) h
as been already used, duplicate ignored
<to be read again> 
                   \relax 
l.280 ...nging variables doesn't affect integrals]
                                                  
Underfull \vbox (badness 4543) has occurred while \output is active []

 [444]
\openout4 = `asy/Napkin-45C.asy'.



Package asymptote Warning: file `asy/Napkin-45C.pdf' not found on input line 37
0.

\openout4 = `asy/Napkin-45D.asy'.


Package asymptote Warning: file `asy/Napkin-45D.pdf' not found on input line 41
7.

[445]
pdfTeX warning (ext4): destination with the same identifier (name{theorem.6}) h
as been already used, duplicate ignored
<to be read again> 
                   \relax 
l.425 ...m}[The boundary of the boundary is empty]
                                                  
pdfTeX warning (ext4): destination with the same identifier (name{theorem.1}) h
as been already used, duplicate ignored
<to be read again> 
                   \relax 
l.434 	[Stokes' theorem for cells]
                                  

LaTeX Warning: Reference `fig:1802gradcurldiv' on page 1 undefined on input lin
e 449.

\openout4 = `asy/Napkin-45E.asy'.


Package asymptote Warning: file `asy/Napkin-45E.pdf' not found on input line 62
9.

[446]

LaTeX Warning: Reference `fig:1802gradcurldiv' on page 1 undefined on input lin
e 635.


LaTeX Warning: Reference `sec:arc_length_not_one_form' on page 1 undefined on i
nput line 664.


LaTeX Warning: Reference `thm:project_principle' on page 1 undefined on input l
ine 673.

[447]

LaTeX Warning: Reference `fig:1802gradcurldiv' on page 1 undefined on input lin
e 740.

[448]

LaTeX Warning: Reference `def:exterior_derivative' on page 1 undefined on input
 line 770.


LaTeX Warning: Reference `prob:div1802' on page 1 undefined on input line 789.


LaTeX Warning: Reference `fig:1802gradcurldiv' on page 1 undefined on input lin
e 799.

[449]

LaTeX Warning: Reference `sec:green_theorem' on page 1 undefined on input line 
818.


pdfTeX warning (ext4): destination with the same identifier (name{problem.2}) h
as been already used, duplicate ignored
<to be read again> 
                   \relax 
l.843 	S
        how that $\partial^2 = 0$.
pdfTeX warning (ext4): destination with the same identifier (name{problem.3}) h
as been already used, duplicate ignored
<to be read again> 
                   \relax 
l.851 	F
        inish the correspondence of the 18.02 notation with Napkin notation.
pdfTeX warning (ext4): destination with the same identifier (name{problem.4}) h
as been already used, duplicate ignored
<to be read again> 
                   \relax 
l.861 \begin{problem}[Pullback and $d$ commute]
                                               
pdfTeX warning (ext4): destination with the same identifier (name{problem.5}) h
as been already used, duplicate ignored
<to be read again> 
                   \relax 
l.871 \begin{problem}[Arc length isn't a form]
                                              
pdfTeX warning (ext4): destination with the same identifier (name{problem.6}) h
as been already used, duplicate ignored
<to be read again> 
                   \relax 
l.882 	A
        n \vocab{exact} $k$-form $\alpha$ is one satisfying $\alpha = d\beta...
) [450]
\openout2 = `tex/diffgeo/manifolds.aux'.

 (tex/diffgeo/manifolds.tex
chapter 46.
[451





]
\openout4 = `asy/Napkin-46A.asy'.



Package asymptote Warning: file `asy/Napkin-46A.pdf' not found on input line 93
.

\openout4 = `asy/Napkin-46B.asy'.


Package asymptote Warning: file `asy/Napkin-46B.pdf' not found on input line 18
2.

[452]
pdfTeX warning (ext4): destination with the same identifier (name{theorem.1}) h
as been already used, duplicate ignored
<to be read again> 
                   \relax 
l.231 	[Regular value theorem]
                              

LaTeX Warning: Citation 'ref:manifolds' on page 453 undefined on input line 245
.

[453]

LaTeX Warning: Citation 'ref:manifolds' on page 454 undefined on input line 281
.

[454]
\openout4 = `asy/Napkin-46C.asy'.



Package asymptote Warning: file `asy/Napkin-46C.pdf' not found on input line 35
6.


pdfTeX warning (ext4): destination with the same identifier (name{theorem.3}) h
as been already used, duplicate ignored
<to be read again> 
                   \relax 
l.403 	[Stokes' theorem for manifolds]
                                       [455]

LaTeX Warning: Citation 'ref:manifolds' on page 456 undefined on input line 409
.

\openout4 = `asy/Napkin-46D.asy'.


Package asymptote Warning: file `asy/Napkin-46D.pdf' not found on input line 43
8.

[456]
LaTeX Font Info:    Trying to load font information for U+euf on input line 516
.
 (C:\Users\Floris\AppData\Local\Programs\MiKTeX\tex/latex/amsfonts\ueuf.fd
File: ueuf.fd 2013/01/14 v3.01 Euler Fraktur
) (C:\Users\Floris\AppData\Local\Programs\MiKTeX\tex/latex/microtype\mt-euf.cfg
File: mt-euf.cfg 2006/07/03 v1.1 microtype config. file: AMS Euler Fraktur (RS)

)
pdfTeX warning (ext4): destination with the same identifier (name{theorem.3}) h
as been already used, duplicate ignored
<to be read again> 
                   \relax 
l.546 	S
        uppose $M \subset \RR^n$ is open and $0 \in M$. [457]
pdfTeX warning (ext4): destination with the same identifier (name{problem.1}) h
as been already used, duplicate ignored
<to be read again> 
                   \relax 
l.571 	S
        how that a differential $0$-form on a smooth manifold $M$

Package todonotes Warning: Trying to put a shadow below a todonote,but the load
shadowlibrary option was not given when loadingthe todonotes package on input l
ine 574.

) [458]
part XIII.
Package scrkbase Info: You've told me to use the font selection of the element
(scrkbase)             `partprefix' that is an alias of element `partnumber'
(scrkbase)              on input line 140.
[459




]
Package minitoc Info: I0006
(minitoc)             Napkin.ptc13 is empty on input line 143.
\openout2 = `tex/riemann-surface/complex-structure.aux'.

 (tex/riemann-surface/complex-structure.tex [460



]
chapter 47.
[461]
\openout4 = `asy/Napkin-47A.asy'.



Package asymptote Warning: file `asy/Napkin-47A.pdf' not found on input line 10
3.


LaTeX Warning: Reference `def:smooth_manif' on page 1 undefined on input line 1
20.


LaTeX Warning: Reference `def:smooth_manif' on page 1 undefined on input line 1
26.


LaTeX Warning: Reference `def:topological_manif' on page 1 undefined on input l
ine 132.


LaTeX Warning: Reference `def:smooth_manif' on page 1 undefined on input line 1
42.

[462]
\openout4 = `asy/Napkin-47B.asy'.



Package asymptote Warning: file `asy/Napkin-47B.pdf' not found on input line 18
2.


LaTeX Warning: Reference `def:smooth_manif' on page 1 undefined on input line 1
93.

[463]

LaTeX Warning: Citation 'ref:miranda' on page 464 undefined on input line 234.

\openout4 = `asy/Napkin-47C.asy'.


Package asymptote Warning: file `asy/Napkin-47C.pdf' not found on input line 27
2.

<3dfigures/pdf/riemsphere.pdf, id=5339, 170.6375pt x 84.29492pt>
File: 3dfigures/pdf/riemsphere.pdf Graphic file (type pdf)
<use 3dfigures/pdf/riemsphere.pdf>
Package pdftex.def Info: 3dfigures/pdf/riemsphere.pdf  used on input line 282.
(pdftex.def)             Requested size: 170.63707pt x 84.2947pt.
[464]
\openout4 = `asy/Napkin-47D.asy'.



Package asymptote Warning: file `asy/Napkin-47D.pdf' not found on input line 33
8.


Underfull \vbox (badness 10000) has occurred while \output is active []

 [465 <./3dfigures/pdf/riemsphere.pdf>]) [466]
\openout2 = `tex/riemann-surface/morphism.aux'.

 (tex/riemann-surface/morphism.tex
chapter 48.

LaTeX Warning: Reference `ex:riemann_sphere' on page 1 undefined on input line 
45.

[467





]

LaTeX Warning: Reference `ex:riemann_sphere' on page 1 undefined on input line 
65.

<3dfigures/pdf/morphism-scm-counterexample.pdf, id=5381, 150.54242pt x 172.645p
t>
File: 3dfigures/pdf/morphism-scm-counterexample.pdf Graphic file (type pdf)
<use 3dfigures/pdf/morphism-scm-counterexample.pdf>
Package pdftex.def Info: 3dfigures/pdf/morphism-scm-counterexample.pdf  used on
 input line 107.
(pdftex.def)             Requested size: 150.54204pt x 172.64456pt.

Underfull \vbox (badness 10000) has occurred while \output is active []

 [468]

LaTeX Warning: Reference `sec:homology_degrees' on page 1 undefined on input li
ne 134.


Underfull \vbox (badness 10000) has occurred while \output is active []

 [469 <./3dfigures/pdf/morphism-scm-counterexample.pdf>] [470]

Package todonotes Warning: Trying to put a shadow below a todonote,but the load
shadowlibrary option was not given when loadingthe todonotes package on input l
ine 250.


pdfTeX warning (ext4): destination with the same identifier (name{theorem.1}) h
as been already used, duplicate ignored
<to be read again> 
                   \relax 
l.258 	L
        et $f, g \colon X \to Y$ be holomorphic maps between Riemann surface...
[471]

LaTeX Warning: Reference `prob:identity_thm' on page 1 undefined on input line 
261.

) [472]
\openout2 = `tex/riemann-surface/affine-projective.aux'.

 (tex/riemann-surface/affine-projective.tex
chapter 49.
\openout4 = `asy/Napkin-49A.asy'.


Package asymptote Warning: file `asy/Napkin-49A.pdf' not found on input line 29
.

\openout4 = `asy/Napkin-49B.asy'.


Package asymptote Warning: file `asy/Napkin-49B.pdf' not found on input line 60
.


pdfTeX warning (ext4): destination with the same identifier (name{theorem.2}) h
as been already used, duplicate ignored
<to be read again> 
                   \relax 
l.67 	F
       or a point $(x, y) \in X$ such that not both [473





]
\openout4 = `asy/Napkin-49C.asy'.



Package asymptote Warning: file `asy/Napkin-49C.pdf' not found on input line 12
3.

\openout4 = `asy/Napkin-49D.asy'.


Package asymptote Warning: file `asy/Napkin-49D.pdf' not found on input line 14
7.

[474]
\openout4 = `asy/Napkin-49E.asy'.



Package asymptote Warning: file `asy/Napkin-49E.pdf' not found on input line 17
8.

\openout4 = `asy/Napkin-49F.asy'.


Package asymptote Warning: file `asy/Napkin-49F.pdf' not found on input line 21
3.

<3dfigures/pdf/parabola.pdf, id=5455, 171.64125pt x 123.44118pt>
File: 3dfigures/pdf/parabola.pdf Graphic file (type pdf)
<use 3dfigures/pdf/parabola.pdf>
Package pdftex.def Info: 3dfigures/pdf/parabola.pdf  used on input line 219.
(pdftex.def)             Requested size: 171.64081pt x 123.44086pt.
[475]
<3dfigures/pdf/circle.pdf, id=5465, 171.64125pt x 168.60992pt>
File: 3dfigures/pdf/circle.pdf Graphic file (type pdf)
<use 3dfigures/pdf/circle.pdf>
Package pdftex.def Info: 3dfigures/pdf/circle.pdf  used on input line 229.
(pdftex.def)             Requested size: 171.64081pt x 168.6095pt.
\openout4 = `asy/Napkin-49G.asy'.



Package asymptote Warning: file `asy/Napkin-49G.pdf' not found on input line 25
7.


Package hyperref Warning: Token not allowed in a PDF string (Unicode):
(hyperref)                removing `math shift' on input line 265.


Package hyperref Warning: Token not allowed in a PDF string (Unicode):
(hyperref)                removing `superscript' on input line 265.


Package hyperref Warning: Token not allowed in a PDF string (Unicode):
(hyperref)                removing `math shift' on input line 265.


Underfull \vbox (badness 10000) has occurred while \output is active []

 [476 <./3dfigures/pdf/parabola.pdf> <./3dfigures/pdf/circle.pdf>] [477] [478]

Package todonotes Warning: Trying to put a shadow below a todonote,but the load
shadowlibrary option was not given when loadingthe todonotes package on input l
ine 391.


Package todonotes Warning: Trying to put a shadow below a todonote,but the load
shadowlibrary option was not given when loadingthe todonotes package on input l
ine 418.

) [479]
\openout2 = `tex/riemann-surface/forms.aux'.

 (tex/riemann-surface/forms.tex [480





]
chapter 50.

Package hyperref Warning: Token not allowed in a PDF string (Unicode):
(hyperref)                removing `math shift' on input line 4.


Package hyperref Warning: Token not allowed in a PDF string (Unicode):
(hyperref)                removing `math shift' on input line 4.


LaTeX Warning: Reference `thm:project_principle' on page 1 undefined on input l
ine 21.

\openout4 = `asy/Napkin-50A.asy'.


Package asymptote Warning: file `asy/Napkin-50A.pdf' not found on input line 56
.

\openout4 = `asy/Napkin-50B.asy'.


Package asymptote Warning: file `asy/Napkin-50B.pdf' not found on input line 80
.

\openout4 = `asy/Napkin-50C.asy'.


Package asymptote Warning: file `asy/Napkin-50C.pdf' not found on input line 11
4.

[481]
\openout4 = `asy/Napkin-50D.asy'.



Package asymptote Warning: file `asy/Napkin-50D.pdf' not found on input line 15
0.

[482]

Package todonotes Warning: Trying to put a shadow below a todonote,but the load
shadowlibrary option was not given when loadingthe todonotes package on input l
ine 196.

) [483]
\openout2 = `tex/riemann-surface/riemann-roch.aux'.

 (tex/riemann-surface/riemann-roch.tex [484





]
chapter 51.

LaTeX Warning: Reference `ch:meromorphic_fn' on page 1 undefined on input line 
41.

[485]
Underfull \vbox (badness 10000) has occurred while \output is active []

 [486]
[487] [488]

Package todonotes Warning: Trying to put a shadow below a todonote,but the load
shadowlibrary option was not given when loadingthe todonotes package on input l
ine 241.


pdfTeX warning (ext4): destination with the same identifier (name{theorem.1}) h
as been already used, duplicate ignored
<to be read again> 
                   \relax 
l.243 \begin{theorem}[The Riemann-Roch theorem]
                                               

Package todonotes Warning: Trying to put a shadow below a todonote,but the load
shadowlibrary option was not given when loadingthe todonotes package on input l
ine 249.

) [489]
\openout2 = `tex/riemann-surface/line-bundles.aux'.

 (tex/riemann-surface/line-bundles.tex [490





]
chapter 52.
[491]

LaTeX Warning: Citation 'ref:miranda' on page 492 undefined on input line 64.


LaTeX Warning: Reference `ch:complex_structure_def' on page 1 undefined on inpu
t line 76.


LaTeX Warning: Reference `def:pre_sheaf' on page 1 undefined on input line 91.

\openout4 = `asy/Napkin-52A.asy'.


Package asymptote Warning: file `asy/Napkin-52A.pdf' not found on input line 11
2.

\openout4 = `asy/Napkin-52B.asy'.


Package asymptote Warning: file `asy/Napkin-52B.pdf' not found on input line 12
3.

\openout4 = `asy/Napkin-52C.asy'.


Package asymptote Warning: file `asy/Napkin-52C.pdf' not found on input line 14
4.

[492]
\openout4 = `asy/Napkin-52D.asy'.



Package asymptote Warning: file `asy/Napkin-52D.pdf' not found on input line 15
9.

\openout4 = `asy/Napkin-52E.asy'.


Package asymptote Warning: file `asy/Napkin-52E.pdf' not found on input line 18
2.

\openout4 = `asy/Napkin-52F.asy'.


Package asymptote Warning: file `asy/Napkin-52F.pdf' not found on input line 20
4.

\openout4 = `asy/Napkin-52G.asy'.


Package asymptote Warning: file `asy/Napkin-52G.pdf' not found on input line 22
3.

\openout4 = `asy/Napkin-52H.asy'.


Package asymptote Warning: file `asy/Napkin-52H.pdf' not found on input line 24
2.

\openout4 = `asy/Napkin-52I.asy'.


Package asymptote Warning: file `asy/Napkin-52I.pdf' not found on input line 26
2.

<3dfigures/pdf/Cinf.pdf, id=5642, 170.6375pt x 84.29492pt>
File: 3dfigures/pdf/Cinf.pdf Graphic file (type pdf)
<use 3dfigures/pdf/Cinf.pdf>
Package pdftex.def Info: 3dfigures/pdf/Cinf.pdf  used on input line 286.
(pdftex.def)             Requested size: 170.63707pt x 84.2947pt.
[493]
<3dfigures/pdf/CxCinf.pdf, id=5652, 46.15242pt x 175.65625pt>
File: 3dfigures/pdf/CxCinf.pdf Graphic file (type pdf)
<use 3dfigures/pdf/CxCinf.pdf>
Package pdftex.def Info: 3dfigures/pdf/CxCinf.pdf  used on input line 294.
(pdftex.def)             Requested size: 46.1523pt x 175.6558pt.
<3dfigures/pdf/CxCinf2.pdf, id=5653, 46.15242pt x 175.65625pt>
File: 3dfigures/pdf/CxCinf2.pdf Graphic file (type pdf)
<use 3dfigures/pdf/CxCinf2.pdf>
Package pdftex.def Info: 3dfigures/pdf/CxCinf2.pdf  used on input line 303.
(pdftex.def)             Requested size: 46.1523pt x 175.6558pt.
 [494 <./3dfigures/pdf/Cinf.pdf> <./3dfigures/pdf/CxCinf.pdf> <./3dfigures/pdf/
CxCinf2.pdf>]
\openout4 = `asy/Napkin-52J.asy'.



Package asymptote Warning: file `asy/Napkin-52J.pdf' not found on input line 33
7.

<3dfigures/pdf/CxCinf3.pdf, id=5665, 302.21909pt x 349.09422pt>
File: 3dfigures/pdf/CxCinf3.pdf Graphic file (type pdf)
<use 3dfigures/pdf/CxCinf3.pdf>
Package pdftex.def Info: 3dfigures/pdf/CxCinf3.pdf  used on input line 353.
(pdftex.def)             Requested size: 302.21834pt x 349.09335pt.
[495 <./3dfigures/pdf/CxCinf3.pdf>] [496]

Package todonotes Warning: Trying to put a shadow below a todonote,but the load
shadowlibrary option was not given when loadingthe todonotes package on input l
ine 438.

) [497] [498




]
part XIV.
Package scrkbase Info: You've told me to use the font selection of the element
(scrkbase)             `partprefix' that is an alias of element `partnumber'
(scrkbase)              on input line 150.
[499]
Package minitoc Info: I0006
(minitoc)             Napkin.ptc14 is empty on input line 153.
\openout2 = `tex/alg-NT/numfield.aux'.

 (tex/alg-NT/numfield.tex [500



]
chapter 53.

LaTeX Warning: Citation 'ref:oggier_NT' on page 501 undefined on input line 12.


[501] [502] [503]

LaTeX Warning: Reference `ex:gaussian_rationals' on page 1 undefined on input l
ine 201.


pdfTeX warning (ext4): destination with the same identifier (name{theorem.1}) h
as been already used, duplicate ignored
<to be read again> 
                   \relax 
l.232 	[Artin's primitive element theorem]
                                          

LaTeX Warning: Reference `prob:artin_primitive_elm' on page 1 undefined on inpu
t line 237.

[504]
pdfTeX warning (ext4): destination with the same identifier (name{problem.1}) h
as been already used, duplicate ignored
<to be read again> 
                   \relax 
l.252 	F
        ind a polynomial with integer coefficients
pdfTeX warning (ext4): destination with the same identifier (name{problem.2}) h
as been already used, duplicate ignored
<to be read again> 
                   \relax 
l.257 	[Brazil 2006]
                    
File: media/chili.png Graphic file (type png)
<use media/chili.png>
Package pdftex.def Info: media/chili.png  used on input line 258.
(pdftex.def)             Requested size: 16.42499pt x 16.42361pt.


LaTeX Warning: Reference `lem:burnside_ant_lemma' on page 1 undefined on input 
line 275.

File: media/chili.png Graphic file (type png)
<use media/chili.png>
Package pdftex.def Info: media/chili.png  used on input line 282.
(pdftex.def)             Requested size: 16.42499pt x 16.42361pt.

pdfTeX warning (ext4): destination with the same identifier (name{problem.5}) h
as been already used, duplicate ignored
<to be read again> 
                   \relax 
l.295 	[MOP 2010]
                 
pdfTeX warning (ext4): destination with the same identifier (name{problem.6}) h
as been already used, duplicate ignored
<to be read again> 
                   \relax 
l.306 \begin{problem}[Kronecker's theorem]
                                          
File: media/chili.png Graphic file (type png)
<use media/chili.png>
Package pdftex.def Info: media/chili.png  used on input line 307.
(pdftex.def)             Requested size: 16.42499pt x 16.42361pt.
File: media/chili.png Graphic file (type png)
<use media/chili.png>
Package pdftex.def Info: media/chili.png  used on input line 307.
(pdftex.def)             Requested size: 16.42499pt x 16.42361pt.

pdfTeX warning (ext4): destination with the same identifier (name{problem.7}) h
as been already used, duplicate ignored
<to be read again> 
                   \relax 
l.319 	\twochili
                
File: media/chili.png Graphic file (type png)
<use media/chili.png>
Package pdftex.def Info: media/chili.png  used on input line 319.
(pdftex.def)             Requested size: 16.42499pt x 16.42361pt.
File: media/chili.png Graphic file (type png)
<use media/chili.png>
Package pdftex.def Info: media/chili.png  used on input line 319.
(pdftex.def)             Requested size: 16.42499pt x 16.42361pt.

pdfTeX warning (ext4): destination with the same identifier (name{problem.8}) h
as been already used, duplicate ignored
<to be read again> 
                   \relax 
l.325 	I
        s the ring of algebraic integers Noetherian?) [505]
\openout2 = `tex/alg-NT/norm-trace.aux'.


(tex/alg-NT/norm-trace.tex [506





]
chapter 54.
[507]

LaTeX Warning: Reference `thm:n_embeddings' on page 1 undefined on input line 1
13.

[508] [509] [510] [511]
pdfTeX warning (ext4): destination with the same identifier (name{theorem.6}) h
as been already used, duplicate ignored
<to be read again> 
                   \relax 
l.319 \begin{theorem}[$K = \QQ \cdot \OO_K$]
                                             [512]
pdfTeX warning (ext4): destination with the same identifier (name{theorem.11}) 
has been already used, duplicate ignored
<to be read again> 
                   \relax 
l.375 ...tegers are closed under $+$ and $\times$]
                                                   [513]

LaTeX Warning: Reference `prob:ring_int_cyclotomic' on page 1 undefined on inpu
t line 432.


LaTeX Warning: Reference `thm:factor_alg' on page 1 undefined on input line 439
.


pdfTeX warning (ext4): destination with the same identifier (name{problem.3}) h
as been already used, duplicate ignored
<to be read again> 
                   \relax 
l.485 	[Russian olympiad 1984]
                              
pdfTeX warning (ext4): destination with the same identifier (name{problem.4}) h
as been already used, duplicate ignored
<to be read again> 
                   \relax 
l.495 	[USA TST 2012]
                     
File: media/chili.png Graphic file (type png)
<use media/chili.png>
Package pdftex.def Info: media/chili.png  used on input line 504.
(pdftex.def)             Requested size: 16.42499pt x 16.42361pt.
File: media/chili.png Graphic file (type png)
<use media/chili.png>
Package pdftex.def Info: media/chili.png  used on input line 504.
(pdftex.def)             Requested size: 16.42499pt x 16.42361pt.
) [514]
\openout2 = `tex/alg-NT/dedekind.aux'.

 (tex/alg-NT/dedekind.tex
chapter 55.

LaTeX Warning: Reference `thm:factor_alg' on page 1 undefined on input line 56.


[515





] [516]

LaTeX Warning: Reference `def:prime_ideal' on page 1 undefined on input line 15
2.


LaTeX Warning: Reference `rem:unit_sign_issue' on page 1 undefined on input lin
e 160.

[517]

LaTeX Warning: Reference `thm:OK_free_Z_module' on page 1 undefined on input li
ne 218.


pdfTeX warning (ext4): destination with the same identifier (name{theorem.6}) h
as been already used, duplicate ignored
<to be read again> 
                   \relax 
l.234 ...ant: prime ideals divide rational primes]
                                                  

LaTeX Warning: Reference `prob:finite_domain_field' on page 1 undefined on inpu
t line 273.


LaTeX Warning: Reference `prob:dedekind_sample' on page 1 undefined on input li
ne 277.

[518]

LaTeX Warning: Reference `thm:fund_fg_abelian_group' on page 1 undefined on inp
ut line 284.


LaTeX Warning: Reference `lemma:ideal_divides_norm' on page 1 undefined on inpu
t line 285.


pdfTeX warning (ext4): destination with the same identifier (name{theorem.3}) h
as been already used, duplicate ignored
<to be read again> 
                   \relax 
l.314 \begin{theorem}[Prime factorization works]
                                                

LaTeX Warning: Citation 'ref:ullery' on page 519 undefined on input line 327.


Underfull \vbox (badness 5064) has occurred while \output is active []

 [519]

LaTeX Warning: Reference `def:unit' on page 1 undefined on input line 379.

[520] [521]
pdfTeX warning (ext4): destination with the same identifier (name{theorem.4}) h
as been already used, duplicate ignored
<to be read again> 
                   \relax 
l.495 ...ring algorithm / Dedekind-Kummer theorem]
                                                   [522]

LaTeX Warning: Reference `prob:prove_factoring_algorithm' on page 1 undefined o
n input line 524.


LaTeX Warning: Reference `prob:fractional_ideal_alt_def' on page 1 undefined on
 input line 584.

[523]
pdfTeX warning (ext4): destination with the same identifier (name{theorem.3}) h
as been already used, duplicate ignored
<to be read again> 
                   \relax 
l.592 ...{theorem}[Fractional ideals form a group]
                                                   [524]
pdfTeX warning (ext4): destination with the same identifier (name{problem.1}) h
as been already used, duplicate ignored
<to be read again> 
                   \relax 
l.710 	S
        how that there are three different factorizations of $77$ in $\OO_K$,
Underfull \vbox (badness 1616) has occurred while \output is active []

 [525]
pdfTeX warning (ext4): destination with the same identifier (name{problem.2}) h
as been already used, duplicate ignored
<to be read again> 
                   \relax 
l.715 	L
        et $K = \QQ(\cbrt 2)$;
pdfTeX warning (ext4): destination with the same identifier (name{problem.3}) h
as been already used, duplicate ignored
<to be read again> 
                   \relax 
l.721 	[Fermat's little theorem]
                                
pdfTeX warning (ext4): destination with the same identifier (name{problem.5}) h
as been already used, duplicate ignored
<to be read again> 
                   \relax 
l.762 	\label
             {prob:prove_factoring_algorithm}

LaTeX Warning: Reference `thm:factor_alg' on page 1 undefined on input line 763
.


pdfTeX warning (ext4): destination with the same identifier (name{problem.6}) h
as been already used, duplicate ignored
<to be read again> 
                   \relax 
l.816 	[USEMO 2025]
                   
File: media/chili.png Graphic file (type png)
<use media/chili.png>
Package pdftex.def Info: media/chili.png  used on input line 817.
(pdftex.def)             Requested size: 16.42499pt x 16.42361pt.
) [526]
\openout2 = `tex/alg-NT/classgrp.aux'.

 (tex/alg-NT/classgrp.tex
chapter 56.
\openout4 = `asy/Napkin-56A.asy'.


Package asymptote Warning: file `asy/Napkin-56A.pdf' not found on input line 76
.

[527





]
\openout4 = `asy/Napkin-56B.asy'.



Package asymptote Warning: file `asy/Napkin-56B.pdf' not found on input line 13
9.


LaTeX Warning: Reference `prob:trace_discriminant' on page 1 undefined on input
 line 163.


pdfTeX warning (ext4): destination with the same identifier (name{theorem.1}) h
as been already used, duplicate ignored
<to be read again> 
                   \relax 
l.166 ...em}[The $n$ embeddings of a number field]
                                                   [528]

LaTeX Warning: Reference `thm:n_embeddings' on page 1 undefined on input line 1
72.


LaTeX Warning: Reference `thm:conj_distrb' on page 1 undefined on input line 17
4.

[529]

LaTeX Warning: Reference `prob:root_discriminant' on page 1 undefined on input 
line 270.

[530] [531]

LaTeX Warning: Reference `prob:OK_linalg' on page 1 undefined on input line 393
.


pdfTeX warning (ext4): destination with the same identifier (name{theorem.1}) h
as been already used, duplicate ignored
<to be read again> 
                   \relax 
l.415 	[Minkowski]
                   [532]
\openout4 = `asy/Napkin-56C.asy'.



Package asymptote Warning: file `asy/Napkin-56C.pdf' not found on input line 49
9.

[533]
pdfTeX warning (ext4): destination with the same identifier (name{theorem.1}) h
as been already used, duplicate ignored
<to be read again> 
                   \relax 
l.537 	[Minkowski bound]
                         [534]
\openout4 = `asy/Napkin-56D.asy'.



Package asymptote Warning: file `asy/Napkin-56D.pdf' not found on input line 64
9.

[535]

LaTeX Warning: Reference `thm:factor_alg' on page 1 undefined on input line 687
.


pdfTeX warning (ext4): destination with the same identifier (name{theorem.4}) h
as been already used, duplicate ignored
<to be read again> 
                   \relax 
l.709 ...[Gaussian integers {$\ZZ[i]$} form a UFD]
                                                   [536]

LaTeX Warning: Reference `ch:galois_theory' on page 1 undefined on input line 7
67.


LaTeX Warning: Reference `remark:norm_equal_product_embeddings' on page 1 undef
ined on input line 769.

[537]

Package hyperref Warning: Token not allowed in a PDF string (Unicode):
(hyperref)                removing `math shift' on input line 836.


Package hyperref Warning: Token not allowed in a PDF string (Unicode):
(hyperref)                removing `subscript' on input line 836.


Package hyperref Warning: Token not allowed in a PDF string (Unicode):
(hyperref)                removing `math shift' on input line 836.


Package hyperref Warning: Token not allowed in a PDF string (Unicode):
(hyperref)                removing `math shift' on input line 836.


Package hyperref Warning: Token not allowed in a PDF string (Unicode):
(hyperref)                removing `math shift' on input line 836.


LaTeX Warning: Reference `thm:OK_free_Z_module' on page 1 undefined on input li
ne 838.

[538]

LaTeX Warning: Reference `thm:rationalize_denom' on page 1 undefined on input l
ine 850.


LaTeX Warning: Reference `thm:prime_ideals_over_rational' on page 1 undefined o
n input line 881.


LaTeX Warning: Reference `prob:trace_discriminant' on page 1 undefined on input
 line 897.

[539]

LaTeX Warning: Reference `prob:trace_discriminant' on page 1 undefined on input
 line 920.


LaTeX Warning: Reference `remark:prime_ideals_are_maximal' on page 1 undefined 
on input line 947.


LaTeX Warning: Reference `thm:fund_fg_abelian_group' on page 1 undefined on inp
ut line 949.

[540]

LaTeX Warning: Reference `ch:inner_product_spaces' on page 1 undefined on input
 line 1003.

[541]
\openout4 = `asy/Napkin-56E.asy'.



Package asymptote Warning: file `asy/Napkin-56E.pdf' not found on input line 10
59.

\openout4 = `asy/Napkin-56F.asy'.


Package asymptote Warning: file `asy/Napkin-56F.pdf' not found on input line 10
79.

\openout4 = `asy/Napkin-56G.asy'.


Package asymptote Warning: file `asy/Napkin-56G.pdf' not found on input line 11
01.


pdfTeX warning (ext4): destination with the same identifier (name{problem.1}) h
as been already used, duplicate ignored
<to be read again> 
                   \relax 
l.1121 	S
         how that $K = \QQ(\sqrt{-163})$ has trivial class group,
pdfTeX warning (ext4): destination with the same identifier (name{problem.2}) h
as been already used, duplicate ignored
<to be read again> 
                   \relax 
l.1136 	D
         etermine the class group of $\QQ(\sqrt{-31})$. [542]
pdfTeX warning (ext4): destination with the same identifier (name{problem.3}) h
as been already used, duplicate ignored
<to be read again> 
                   \relax 
l.1142 \begin{problem}[China TST 1998]
                                      
pdfTeX warning (ext4): destination with the same identifier (name{problem.4}) h
as been already used, duplicate ignored
<to be read again> 
                   \relax 
l.1152 	[\Cref{lem:vol_OK_mesh}]
                                

LaTeX Warning: Reference `lem:vol_OK_mesh' on page 1 undefined on input line 11
52.


pdfTeX warning (ext4): destination with the same identifier (name{problem.5}) h
as been already used, duplicate ignored
<to be read again> 
                   \relax 
l.1163 	L
         et $p \equiv 1 \pmod 4$ be a prime.
pdfTeX warning (ext4): destination with the same identifier (name{problem.6}) h
as been already used, duplicate ignored
<to be read again> 
                   \relax 
l.1177 	[Korea national olympiad 2014]
                                      
pdfTeX warning (ext4): destination with the same identifier (name{problem.7}) h
as been already used, duplicate ignored
<to be read again> 
                   \relax 
l.1197 	L
         et $K$ be a number field and $\kp$ any nonzero prime ideal.) [543]
\openout2 = `tex/alg-NT/discriminant.aux'.


(tex/alg-NT/discriminant.tex [544





]
chapter 57.
File: media/chili.png Graphic file (type png)
<use media/chili.png>
Package pdftex.def Info: media/chili.png  used on input line 29.
(pdftex.def)             Requested size: 16.42499pt x 16.42361pt.

pdfTeX warning (ext4): destination with the same identifier (name{problem.4}) h
as been already used, duplicate ignored
<to be read again> 
                   \relax 
l.68 	S
       how that if $K \neq \QQ$ is a number field then $\left\lvert \Delta_K...

pdfTeX warning (ext4): destination with the same identifier (name{problem.5}) h
as been already used, duplicate ignored
<to be read again> 
                   \relax 
l.75 	[Brill's theorem]
                       
pdfTeX warning (ext4): destination with the same identifier (name{problem.6}) h
as been already used, duplicate ignored
<to be read again> 
                   \relax 
l.81 	[Stickelberger theorem]
                             
File: media/chili.png Graphic file (type png)
<use media/chili.png>
Package pdftex.def Info: media/chili.png  used on input line 82.
(pdftex.def)             Requested size: 16.42499pt x 16.42361pt.
File: media/chili.png Graphic file (type png)
<use media/chili.png>
Package pdftex.def Info: media/chili.png  used on input line 82.
(pdftex.def)             Requested size: 16.42499pt x 16.42361pt.
File: media/chili.png Graphic file (type png)
<use media/chili.png>
Package pdftex.def Info: media/chili.png  used on input line 82.
(pdftex.def)             Requested size: 16.42499pt x 16.42361pt.
) [545]
\openout2 = `tex/alg-NT/pell.aux'.

 (tex/alg-NT/pell.tex [546





]
chapter 58.

LaTeX Warning: Reference `prob:OK_unit_norm' on page 1 undefined on input line 
8.

[547]
pdfTeX warning (ext4): destination with the same identifier (name{theorem.4}) h
as been already used, duplicate ignored
<to be read again> 
                   \relax 
l.88 	[Dirichlet's unit theorem]
                                 [548]
pdfTeX warning (ext4): destination with the same identifier (name{theorem.1}) h
as been already used, duplicate ignored
<to be read again> 
                   \relax 
l.166 	[Fundamental units of Pell's equations]
                                               [549]

LaTeX Warning: Reference `prob:unit_cubed' on page 1 undefined on input line 21
9.


pdfTeX warning (ext4): destination with the same identifier (name{problem.1}) h
as been already used, duplicate ignored
<to be read again> 
                   \relax 
l.227 ...itious account of the battle of Hastings]
                                                   [550]
pdfTeX warning (ext4): destination with the same identifier (name{problem.2}) h
as been already used, duplicate ignored
<to be read again> 
                   \relax 
l.245 	\label
             {prob:unit_cubed}
pdfTeX warning (ext4): destination with the same identifier (name{problem.3}) h
as been already used, duplicate ignored
<to be read again> 
                   \relax 
l.252 	S
        how that there are no integer solutions to) [551] [552




]
part XV.
Package scrkbase Info: You've told me to use the font selection of the element
(scrkbase)             `partprefix' that is an alias of element `partnumber'
(scrkbase)              on input line 160.
[553]
Package minitoc Info: I0006
(minitoc)             Napkin.ptc15 is empty on input line 163.
\openout2 = `tex/alg-NT/galois.aux'.

 (tex/alg-NT/galois.tex [554



]
chapter 59.
[555]

LaTeX Warning: Reference `thm:n_embeddings' on page 1 undefined on input line 8
6.


pdfTeX warning (ext4): destination with the same identifier (name{theorem.3}) h
as been already used, duplicate ignored
<to be read again> 
                   \relax 
l.113 ...ld extensions have multiplicative degree]
                                                   [556]
pdfTeX warning (ext4): destination with the same identifier (name{theorem.5}) h
as been already used, duplicate ignored
<to be read again> 
                   \relax 
l.137 \begin{theorem}[Algebraic closures]
                                         
pdfTeX warning (ext4): destination with the same identifier (name{theorem.1}) h
as been already used, duplicate ignored
<to be read again> 
                   \relax 
l.162 ...em}[The $n$ embeddings of a number field]
                                                  

LaTeX Warning: Reference `lem:irred_complex' on page 1 undefined on input line 
176.

[557]
pdfTeX warning (ext4): destination with the same identifier (name{theorem.4}) h
as been already used, duplicate ignored
<to be read again> 
                   \relax 
l.218 ...s are evenly distributed over conjugates]
                                                  

LaTeX Warning: Reference `lem:irred_complex' on page 1 undefined on input line 
245.

[558]
pdfTeX warning (ext4): destination with the same identifier (name{theorem.7}) h
as been already used, duplicate ignored
<to be read again> 
                   \relax 
l.303 	[Finite fields are perfect]
                                   [559]
pdfTeX warning (ext4): destination with the same identifier (name{theorem.8}) h
as been already used, duplicate ignored
<to be read again> 
                   \relax 
l.311 ...n$ embeddings of any separable extension]
                                                   [560] [561]
pdfTeX warning (ext4): destination with the same identifier (name{theorem.8}) h
as been already used, duplicate ignored
<to be read again> 
                   \relax 
l.455 ...theorem}[Galois extensions are splitting]
                                                  
Underfull \vbox (badness 10000) has occurred while \output is active []

 [562]
pdfTeX warning (ext4): destination with the same identifier (name{theorem.4}) h
as been already used, duplicate ignored
<to be read again> 
                   \relax 
l.566 ...em}[Fundamental theorem of Galois theory]
                                                   [563]
pdfTeX warning (ext4): destination with the same identifier (name{problem.2}) h
as been already used, duplicate ignored
<to be read again> 
                   \relax 
l.614 	G
        ive an example of a degree-three Galois extension of $\QQ$.
pdfTeX warning (ext4): destination with the same identifier (name{problem.3}) h
as been already used, duplicate ignored
<to be read again> 
                   \relax 
l.617 \begin{problem}[Greek constructions]
                                          
pdfTeX warning (ext4): destination with the same identifier (name{problem.4}) h
as been already used, duplicate ignored
<to be read again> 
                   \relax 
l.633 	[China Hong Kong Math Olympiad]
                                      
File: media/chili.png Graphic file (type png)
<use media/chili.png>
Package pdftex.def Info: media/chili.png  used on input line 634.
(pdftex.def)             Requested size: 16.42499pt x 16.42361pt.
File: media/chili.png Graphic file (type png)
<use media/chili.png>
Package pdftex.def Info: media/chili.png  used on input line 634.
(pdftex.def)             Requested size: 16.42499pt x 16.42361pt.

pdfTeX warning (ext4): destination with the same identifier (name{problem.5}) h
as been already used, duplicate ignored
<to be read again> 
                   \relax 
l.645 	S
        how that the only automorphism of $\RR$ is the identity.
pdfTeX warning (ext4): destination with the same identifier (name{problem.6}) h
as been already used, duplicate ignored
<to be read again> 
                   \relax 
l.652 ...oblem}[Artin's primitive element theorem]
                                                  
File: media/chili.png Graphic file (type png)
<use media/chili.png>
Package pdftex.def Info: media/chili.png  used on input line 653.
(pdftex.def)             Requested size: 16.42499pt x 16.42361pt.
File: media/chili.png Graphic file (type png)
<use media/chili.png>
Package pdftex.def Info: media/chili.png  used on input line 653.
(pdftex.def)             Requested size: 16.42499pt x 16.42361pt.


LaTeX Warning: Reference `thm:Galois_splitting' on page 1 undefined on input li
ne 669.


pdfTeX warning (ext4): destination with the same identifier (name{theorem.1}) h
as been already used, duplicate ignored
<to be read again> 
                   \relax 
l.671 \begin{theorem}[Fixed field theorem]
                                           [564]

LaTeX Warning: Reference `thm:fixed_field_theorem' on page 1 undefined on input
 line 683.


LaTeX Warning: Reference `lem:root_shuffle' on page 1 undefined on input line 7
33.

) [565] [566]
\openout2 = `tex/alg-NT/finite-field.aux'.

 (tex/alg-NT/finite-field.tex
chapter 60.
[567





]

LaTeX Warning: Reference `thm:cauchy_group' on page 1 undefined on input line 8
8.

[568]
pdfTeX warning (ext4): destination with the same identifier (name{theorem.6}) h
as been already used, duplicate ignored
<to be read again> 
                   \relax 
l.111 	[Freshman's dream]
                         
pdfTeX warning (ext4): destination with the same identifier (name{theorem.1}) h
as been already used, duplicate ignored
<to be read again> 
                   \relax 
l.125 	[Fermat's little theorem in finite fields]
                                                 
pdfTeX warning (ext4): destination with the same identifier (name{theorem.2}) h
as been already used, duplicate ignored
<to be read again> 
                   \relax 
l.138 ...Complete classification of finite fields]
                                                   [569]
pdfTeX warning (ext4): destination with the same identifier (name{theorem.1}) h
as been already used, duplicate ignored
<to be read again> 
                   \relax 
l.181 ...in{theorem}[The $p$th power automorphism]
                                                  

LaTeX Warning: Reference `ch:frobenius-element' on page 1 undefined on input li
ne 186.


pdfTeX warning (ext4): destination with the same identifier (name{theorem.3}) h
as been already used, duplicate ignored
<to be read again> 
                   \relax 
l.207 ...group of the extension $\FF_{p^n}/\FF_p$]
                                                   [570] [571]

LaTeX Warning: Reference `thm:fund_fg_abelian_group' on page 1 undefined on inp
ut line 295.

File: media/chili.png Graphic file (type png)
<use media/chili.png>
Package pdftex.def Info: media/chili.png  used on input line 318.
(pdftex.def)             Requested size: 16.42499pt x 16.42361pt.
) [572]
\openout2 = `tex/alg-NT/ramification.aux'.

 (tex/alg-NT/ramification.tex
chapter 61.

Package hyperref Warning: Token not allowed in a PDF string (Unicode):
(hyperref)                removing `math shift' on input line 47.


Package hyperref Warning: Token not allowed in a PDF string (Unicode):
(hyperref)                removing `\Delta' on input line 47.


Package hyperref Warning: Token not allowed in a PDF string (Unicode):
(hyperref)                removing `subscript' on input line 47.


Package hyperref Warning: Token not allowed in a PDF string (Unicode):
(hyperref)                removing `math shift' on input line 47.

[573





]

LaTeX Warning: Reference `prob:root_discriminant' on page 1 undefined on input 
line 67.


pdfTeX warning (ext4): destination with the same identifier (name{theorem.1}) h
as been already used, duplicate ignored
<to be read again> 
                   \relax 
l.70 	[Discriminant detects ramification]
                                          [574]
\openout4 = `asy/Napkin-61A.asy'.



Package asymptote Warning: file `asy/Napkin-61A.pdf' not found on input line 15
1.


pdfTeX warning (ext4): destination with the same identifier (name{theorem.2}) h
as been already used, duplicate ignored
<to be read again> 
                   \relax 
l.166 	[Galois group acts transitively]
                                        [575]

LaTeX Warning: Reference `thm:galois_group_transitive' on page 1 undefined on i
nput line 204.


pdfTeX warning (ext4): destination with the same identifier (name{theorem.4}) h
as been already used, duplicate ignored
<to be read again> 
                   \relax 
l.226 ...e and ramification indices are all equal]
                                                   [576] [577]
pdfTeX warning (ext4): destination with the same identifier (name{theorem.2}) h
as been already used, duplicate ignored
<to be read again> 
                   \relax 
l.320 ...em}[Decomposition group and Galois group]
                                                   [578]

LaTeX Warning: Reference `prob:galois_cyclotomic' on page 1 undefined on input 
line 403.

[579]

Package todonotes Warning: Trying to put a shadow below a todonote,but the load
shadowlibrary option was not given when loadingthe todonotes package on input l
ine 468.

) [580]
\openout2 = `tex/alg-NT/frobenius.aux'.

 (tex/alg-NT/frobenius.tex
chapter 62.

pdfTeX warning (ext4): destination with the same identifier (name{theorem.1}) h
as been already used, duplicate ignored
<to be read again> 
                   \relax 
l.30 \begin{theorem}[The Frobenius element]
                                            [581





]

LaTeX Warning: Reference `lem:cyclo_frob' on page 1 undefined on input line 81.



LaTeX Warning: Reference `subsec:quadratic_reciprocity_frobenius' on page 1 und
efined on input line 82.

\openout4 = `asy/Napkin-62A.asy'.


Package asymptote Warning: file `asy/Napkin-62A.pdf' not found on input line 12
6.

[582]
pdfTeX warning (ext4): destination with the same identifier (name{theorem.2}) h
as been already used, duplicate ignored
<to be read again> 
                   \relax 
l.162 	[Conjugacy classes in Galois groups]
                                            [583]
pdfTeX warning (ext4): destination with the same identifier (name{theorem.1}) h
as been already used, duplicate ignored
<to be read again> 
                   \relax 
l.226 	[Chebotarev density theorem over $\QQ$]
                                              
\openout4 = `asy/Napkin-62B.asy'.



Package asymptote Warning: file `asy/Napkin-62B.pdf' not found on input line 27
2.

[584]
pdfTeX warning (ext4): destination with the same identifier (name{theorem.1}) h
as been already used, duplicate ignored
<to be read again> 
                   \relax 
l.356 	[Restrictions of Frobenius elements]
                                           
pdfTeX warning (ext4): destination with the same identifier (name{theorem.1}) h
as been already used, duplicate ignored
<to be read again> 
                   \relax 
l.382 	[Quadratic reciprocity]
                               [585]

LaTeX Warning: Citation 'ref:holden' on page 586 undefined on input line 388.


pdfTeX warning (ext4): destination with the same identifier (name{theorem.4}) h
as been already used, duplicate ignored
<to be read again> 
                   \relax 
l.431 ...atic reciprocity, equivalent formulation]
                                                   [586]

LaTeX Warning: Reference `lem:order_frob' on page 1 undefined on input line 470
.


LaTeX Warning: Reference `lem:cyclo_frob' on page 1 undefined on input line 476
.

[587]
\openout4 = `asy/Napkin-62C.asy'.



Package asymptote Warning: file `asy/Napkin-62C.pdf' not found on input line 57
5.


pdfTeX warning (ext4): destination with the same identifier (name{theorem.1}) h
as been already used, duplicate ignored
<to be read again> 
                   \relax 
l.580 	[Frobenius elements control decomposition]
                                                  [588]
pdfTeX warning (ext4): destination with the same identifier (name{theorem.2}) h
as been already used, duplicate ignored
<to be read again> 
                   \relax 
l.630 ...benius controls polynomial factorization]
                                                   [589] [590]

LaTeX Warning: Reference `thm:frob_control_decomp' on page 1 undefined on input
 line 692.


LaTeX Warning: Citation 'ref:lenstra_chebotarev' on page 591 undefined on input
 line 698.


Overfull \hbox (39.35518pt too wide) in paragraph at lines 697--699
[]\T1/lmr/m/n/10.95 (-20) All this can be done in gen-eral with $\U/msb/m/n/10.
95 Q$ \T1/lmr/m/n/10.95 (-20) re-placed by $\OML/lmm/m/it/10.95 F$\T1/lmr/m/n/1
0.95 (-20) ; for ex-am-ple, in [[]]. 
 []

<media/IMO-2003-logo.png, id=6760, 347.2975pt x 347.2975pt>
File: media/IMO-2003-logo.png Graphic file (type png)
<use media/IMO-2003-logo.png>
Package pdftex.def Info: media/IMO-2003-logo.png  used on input line 705.
(pdftex.def)             Requested size: 113.81102pt x 113.80832pt.

LaTeX Warning: Reference `thm:cauchy_group' on page 1 undefined on input line 7
26.


LaTeX Warning: Reference `thm:factor_poly_frob' on page 1 undefined on input li
ne 735.

[591 <./media/IMO-2003-logo.png>]
pdfTeX warning (ext4): destination with the same identifier (name{problem.1}) h
as been already used, duplicate ignored
<to be read again> 
                   \relax 
l.759 	S
        how that for an odd prime $p$, \[ \left( \frac 2p \right) = (-1)^{\f...

pdfTeX warning (ext4): destination with the same identifier (name{problem.2}) h
as been already used, duplicate ignored
<to be read again> 
                   \relax 
l.774 	L
        et $f$ be a nonconstant polynomial with integer coefficients.
pdfTeX warning (ext4): destination with the same identifier (name{problem.4}) h
as been already used, duplicate ignored
<to be read again> 
                   \relax 
l.801 	L
        et $n$ be an odd integer which is not a prime power.
pdfTeX warning (ext4): destination with the same identifier (name{problem.5}) h
as been already used, duplicate ignored
<to be read again> 
                   \relax 
l.808 	[Putnam 2012 B6]
                       
File: media/chili.png Graphic file (type png)
<use media/chili.png>
Package pdftex.def Info: media/chili.png  used on input line 809.
(pdftex.def)             Requested size: 16.42499pt x 16.42361pt.
File: media/chili.png Graphic file (type png)
<use media/chili.png>
Package pdftex.def Info: media/chili.png  used on input line 809.
(pdftex.def)             Requested size: 16.42499pt x 16.42361pt.
) [592]
\openout2 = `tex/alg-NT/artin.aux'.

 (tex/alg-NT/artin.tex
chapter 63.
[593





]

LaTeX Warning: Reference `ex:ray_class_group_finite_modulus' on page 1 undefine
d on input line 73.

[594] [595] [596]
pdfTeX warning (ext4): destination with the same identifier (name{theorem.1}) h
as been already used, duplicate ignored
<to be read again> 
                   \relax 
l.294 	[Frobenius element]
                          

LaTeX Warning: Reference `ex:frob_gaussian_integers' on page 1 undefined on inp
ut line 302.


LaTeX Warning: Reference `lem:cyclo_frob' on page 1 undefined on input line 302
.

[597]

LaTeX Warning: Reference `sec:more_general_extensions' on page 1 undefined on i
nput line 337.


LaTeX Warning: Reference `ex:cubic_legendre_artin' on page 1 undefined on input
 line 339.


LaTeX Warning: Reference `lem:order_frob' on page 1 undefined on input line 370
.

[598]
pdfTeX warning (ext4): destination with the same identifier (name{theorem.2}) h
as been already used, duplicate ignored
<to be read again> 
                   \relax 
l.454 	[Artin reciprocity]
                           [599] [600]
pdfTeX warning (ext4): destination with the same identifier (name{theorem.5}) h
as been already used, duplicate ignored
<to be read again> 
                   \relax 
l.548 	[Takagi existence theorem]
                                  [601]

LaTeX Warning: Reference `prob:kronecker_weber_theorem' on page 1 undefined on 
input line 596.


pdfTeX warning (ext4): destination with the same identifier (name{theorem.1}) h
as been already used, duplicate ignored
<to be read again> 
                   \relax 
l.630 ...[Fermat's theorem on sums of two squares]
                                                   [602]
pdfTeX warning (ext4): destination with the same identifier (name{theorem.2}) h
as been already used, duplicate ignored
<to be read again> 
                   \relax 
l.665 	A
        n odd prime $p > 7$ can be expressed as $p = x^2 + 7 y^2$ for intege...
[603]

LaTeX Warning: Reference `ex:artin_cyclotomic' on page 1 undefined on input lin
e 722.


LaTeX Warning: Reference `prob:kronecker_weber_theorem' on page 1 undefined on 
input line 756.

[604]

LaTeX Warning: Reference `prob:hilbert_class_field' on page 1 undefined on inpu
t line 805.


LaTeX Warning: Reference `prob:hilbert_class_field' on page 1 undefined on inpu
t line 818.

[605]
pdfTeX warning (ext4): destination with the same identifier (name{theorem.11}) 
has been already used, duplicate ignored
<to be read again> 
                   \relax 
l.850 	L
        et $p$ be a prime with $p \nmid 20$, then $p$ can be written as $x^2...

pdfTeX warning (ext4): destination with the same identifier (name{problem.3}) h
as been already used, duplicate ignored
<to be read again> 
                   \relax 
l.911 	T
        here is no positive integer $m$ such that whether a prime number $p ...
) [606]
part XVI.
Package scrkbase Info: You've told me to use the font selection of the element
(scrkbase)             `partprefix' that is an alias of element `partnumber'
(scrkbase)              on input line 169.
[607




]
Package minitoc Info: I0006
(minitoc)             Napkin.ptc16 is empty on input line 172.
\openout2 = `tex/topology/constructions.aux'.

 (tex/topology/constructions.tex [608



]
chapter 64.
\openout4 = `asy/Napkin-64A.asy'.


Package asymptote Warning: file `asy/Napkin-64A.pdf' not found on input line 36
.

\openout4 = `asy/Napkin-64B.asy'.


Package asymptote Warning: file `asy/Napkin-64B.pdf' not found on input line 82
.

[609] [610]
\openout4 = `asy/Napkin-64C.asy'.



Package asymptote Warning: file `asy/Napkin-64C.pdf' not found on input line 19
2.

\openout4 = `asy/Napkin-64D.asy'.


Package asymptote Warning: file `asy/Napkin-64D.pdf' not found on input line 25
2.

[611]

LaTeX Warning: Citation 'ref:hatcher' on page 612 undefined on input line 287.

\openout4 = `asy/Napkin-64E.asy'.


Package asymptote Warning: file `asy/Napkin-64E.pdf' not found on input line 32
4.

\openout4 = `asy/Napkin-64F.asy'.


Package asymptote Warning: file `asy/Napkin-64F.pdf' not found on input line 33
4.

[612]

Package hyperref Warning: Token not allowed in a PDF string (Unicode):
(hyperref)                removing `math shift' on input line 370.


Package hyperref Warning: Token not allowed in a PDF string (Unicode):
(hyperref)                removing `superscript' on input line 370.


Package hyperref Warning: Token not allowed in a PDF string (Unicode):
(hyperref)                removing `math shift' on input line 370.


Package hyperref Warning: Token not allowed in a PDF string (Unicode):
(hyperref)                removing `math shift' on input line 370.


Package hyperref Warning: Token not allowed in a PDF string (Unicode):
(hyperref)                removing `superscript' on input line 370.


Package hyperref Warning: Token not allowed in a PDF string (Unicode):
(hyperref)                removing `math shift' on input line 370.

\openout4 = `asy/Napkin-64G.asy'.


Package asymptote Warning: file `asy/Napkin-64G.pdf' not found on input line 39
3.

<media/Projection_color_torus.jpg, id=6999, 470.75874pt x 326.21875pt>
File: media/Projection_color_torus.jpg Graphic file (type jpg)
<use media/Projection_color_torus.jpg>
Package pdftex.def Info: media/Projection_color_torus.jpg  used on input line 4
04.
(pdftex.def)             Requested size: 334.60571pt x 231.87079pt.

Underfull \vbox (badness 10000) has occurred while \output is active []

 [613]

LaTeX Warning: Citation 'img:torus' on page 614 undefined on input line 405.

\openout4 = `asy/Napkin-64H.asy'.


Package asymptote Warning: file `asy/Napkin-64H.pdf' not found on input line 42
1.

\openout4 = `asy/Napkin-64I.asy'.


Package asymptote Warning: file `asy/Napkin-64I.pdf' not found on input line 44
0.

\openout4 = `asy/Napkin-64J.asy'.


Package asymptote Warning: file `asy/Napkin-64J.pdf' not found on input line 46
3.

<media/klein-fold.png, id=7013, 320.19624pt x 582.175pt>
File: media/klein-fold.png Graphic file (type png)
<use media/klein-fold.png>
Package pdftex.def Info: media/klein-fold.png  used on input line 475.
(pdftex.def)             Requested size: 209.12778pt x 380.23923pt.
<media/KleinBottle-01.png, id=7014, 240.9pt x 301.125pt>
File: media/KleinBottle-01.png Graphic file (type png)
<use media/KleinBottle-01.png>
Package pdftex.def Info: media/KleinBottle-01.png  used on input line 479.
(pdftex.def)             Requested size: 125.47794pt x 156.8478pt.
[614 <./media/Projection_color_torus.jpg>]

LaTeX Warning: Citation 'img:kleinfold' on page 615 undefined on input line 481
.


LaTeX Warning: Citation 'img:kleinbottle' on page 615 undefined on input line 4
81.

\openout4 = `asy/Napkin-64K.asy'.


Package asymptote Warning: file `asy/Napkin-64K.pdf' not found on input line 50
9.

\openout4 = `asy/Napkin-64L.asy'.


Package asymptote Warning: file `asy/Napkin-64L.pdf' not found on input line 52
8.

\openout4 = `asy/Napkin-64M.asy'.


Package asymptote Warning: file `asy/Napkin-64M.pdf' not found on input line 53
9.

[615 <./media/klein-fold.png> <./media/KleinBottle-01.png>]
\openout4 = `asy/Napkin-64N.asy'.



Package asymptote Warning: file `asy/Napkin-64N.pdf' not found on input line 62
3.

\openout4 = `asy/Napkin-64O.asy'.


Package asymptote Warning: file `asy/Napkin-64O.pdf' not found on input line 64
4.

[616]
<media/earth.pdf, id=7037, 389.0033pt x 262.57095pt>
File: media/earth.pdf Graphic file (type pdf)
<use media/earth.pdf>
Package pdftex.def Info: media/earth.pdf  used on input line 686.
(pdftex.def)             Requested size: 352.40613pt x 237.8662pt.

Underfull \vbox (badness 10000) has occurred while \output is active []

 [617]
pdfTeX warning (ext4): destination with the same identifier (name{problem.1}) h
as been already used, duplicate ignored
<to be read again> 
                   \relax 
l.713 	S
        how that a space $X$ is Hausdorff if and only if the diagonal
pdfTeX warning (ext4): destination with the same identifier (name{problem.2}) h
as been already used, duplicate ignored
<to be read again> 
                   \relax 
l.717 	R
        ealize the following spaces as CW complexes:) [618 <./media/earth.pdf>]
\openout2 = `tex/topology/fundamental-group.aux'.

(tex/topology/fundamental-group.tex
chapter 65.
\openout4 = `asy/Napkin-65A.asy'.


Package asymptote Warning: file `asy/Napkin-65A.pdf' not found on input line 51
.

\openout4 = `asy/Napkin-65B.asy'.


Package asymptote Warning: file `asy/Napkin-65B.pdf' not found on input line 11
0.

[619





]
\openout4 = `asy/Napkin-65C.asy'.



Package asymptote Warning: file `asy/Napkin-65C.pdf' not found on input line 14
9.

<media/S2-simply.png, id=7372, 711.65875pt x 711.65875pt>
File: media/S2-simply.png Graphic file (type png)
<use media/S2-simply.png>
Package pdftex.def Info: media/S2-simply.png  used on input line 168.
(pdftex.def)             Requested size: 170.71652pt x 170.7147pt.
[620] [621 <./media/S2-simply.png>]

LaTeX Warning: Reference `sec:meteor' on page 1 undefined on input line 240.

\openout4 = `asy/Napkin-65D.asy'.


Package asymptote Warning: file `asy/Napkin-65D.pdf' not found on input line 24
8.

\openout4 = `asy/Napkin-65E.asy'.


Package asymptote Warning: file `asy/Napkin-65E.pdf' not found on input line 28
0.


pdfTeX warning (ext4): destination with the same identifier (name{theorem.10}) 
has been already used, duplicate ignored
<to be read again> 
                   \relax 
l.292 ...amental groups don't depend on basepoint]
                                                   [622]
\openout4 = `asy/Napkin-65F.asy'.



Package asymptote Warning: file `asy/Napkin-65F.pdf' not found on input line 30
8.

[623] [624] [625] [626]
pdfTeX warning (ext4): destination with the same identifier (name{theorem.10}) 
has been already used, duplicate ignored
<to be read again> 
                   \relax 
l.575 ...paces have isomorphic fundamental groups]
                                                  

LaTeX Warning: Reference `ch:functors' on page 1 undefined on input line 606.


LaTeX Warning: Reference `ch:cats' on page 1 undefined on input line 606.


pdfTeX warning (ext4): destination with the same identifier (name{theorem.2}) h
as been already used, duplicate ignored
<to be read again> 
                   \relax 
l.621 ...ial interpretation of fundamental groups]
                                                   [627]

LaTeX Warning: Reference `thm:functor_isom' on page 1 undefined on input line 6
41.


LaTeX Warning: Reference `thm:functor_isom' on page 1 undefined on input line 6
43.


LaTeX Warning: Reference `thm:fundgrp_homotopy_invariant' on page 1 undefined o
n input line 643.


LaTeX Warning: Reference `lem:fsharp_homotopy_invariant' on page 1 undefined on
 input line 646.


LaTeX Warning: Reference `ex:covariant_yoneda' on page 1 undefined on input lin
e 651.


pdfTeX warning (ext4): destination with the same identifier (name{problem.1}) h
as been already used, duplicate ignored
<to be read again> 
                   \relax 
l.658 \begin{problem}[Harmonic fan]
                                   
File: media/chili.png Graphic file (type png)
<use media/chili.png>
Package pdftex.def Info: media/chili.png  used on input line 666.
(pdftex.def)             Requested size: 16.42499pt x 16.42361pt.

pdfTeX warning (ext4): destination with the same identifier (name{problem.3}) h
as been already used, duplicate ignored
<to be read again> 
                   \relax 
l.684 	[RMM 2013]
                  \twochili
File: media/chili.png Graphic file (type png)
<use media/chili.png>
Package pdftex.def Info: media/chili.png  used on input line 684.
(pdftex.def)             Requested size: 16.42499pt x 16.42361pt.
File: media/chili.png Graphic file (type png)
<use media/chili.png>
Package pdftex.def Info: media/chili.png  used on input line 684.
(pdftex.def)             Requested size: 16.42499pt x 16.42361pt.

pdfTeX warning (ext4): destination with the same identifier (name{problem.4}) h
as been already used, duplicate ignored
<to be read again> 
                   \relax 
l.694 	H
        ow do you hang a picture frame on a wall with two nails and one string
[628]) [629]
\openout2 = `tex/topology/cover-project.aux'.

 (tex/topology/cover-project.tex [630





]
chapter 66.
\openout4 = `asy/Napkin-66A.asy'.


Package asymptote Warning: file `asy/Napkin-66A.pdf' not found on input line 43
.

[631]
\openout4 = `asy/Napkin-66B.asy'.



Package asymptote Warning: file `asy/Napkin-66B.pdf' not found on input line 95
.

\openout4 = `asy/Napkin-66C.asy'.


Package asymptote Warning: file `asy/Napkin-66C.pdf' not found on input line 13
5.

\openout4 = `asy/Napkin-66D.asy'.


Package asymptote Warning: file `asy/Napkin-66D.pdf' not found on input line 22
1.

[632]
pdfTeX warning (ext4): destination with the same identifier (name{theorem.4}) h
as been already used, duplicate ignored
<to be read again> 
                   \relax 
l.243 \begin{theorem}[Lifting paths]
                                    
pdfTeX warning (ext4): destination with the same identifier (name{theorem.6}) h
as been already used, duplicate ignored
<to be read again> 
                   \relax 
l.289 \begin{theorem}[General lifting criterion]
                                                 [633]
\openout4 = `asy/Napkin-66E.asy'.



Package asymptote Warning: file `asy/Napkin-66E.pdf' not found on input line 35
8.


LaTeX Warning: Reference `ch:complex_log' on page 1 undefined on input line 366
.


LaTeX Warning: Reference `ex:lifting_circle' on page 1 undefined on input line 
378.

[634] [635]
\openout4 = `asy/Napkin-66F.asy'.



Package asymptote Warning: file `asy/Napkin-66F.pdf' not found on input line 49
3.

\openout4 = `asy/Napkin-66G.asy'.


Package asymptote Warning: file `asy/Napkin-66G.pdf' not found on input line 53
8.

[636] [637]
pdfTeX warning (ext4): destination with the same identifier (name{theorem.8}) h
as been already used, duplicate ignored
<to be read again> 
                   \relax 
l.656 ...heorem}[Group theory via covering spaces]
                                                  
Underfull \vbox (badness 5607) has occurred while \output is active []

 [638]

Package todonotes Warning: Trying to put a shadow below a todonote,but the load
shadowlibrary option was not given when loadingthe todonotes package on input l
ine 686.

) [639] [640




]
part XVII.
Package scrkbase Info: You've told me to use the font selection of the element
(scrkbase)             `partprefix' that is an alias of element `partnumber'
(scrkbase)              on input line 176.
[641]
Package minitoc Info: I0006
(minitoc)             Napkin.ptc17 is empty on input line 179.
\openout2 = `tex/cats/categories.aux'.

 (tex/cats/categories.tex [642



]
chapter 67.

LaTeX Warning: Citation 'ref:msci' on page 643 undefined on input line 12.

[643] [644] [645]

LaTeX Warning: Citation 'ref:msci' on page 646 undefined on input line 195.


Underfull \vbox (badness 10000) has occurred while \output is active []

 [646]
Underfull \vbox (badness 4467) has occurred while \output is active []

 [647]
[648] [649] [650]

LaTeX Warning: Reference `prob:associative_product' on page 1 undefined on inpu
t line 500.


LaTeX Warning: Reference `remark:def_concrete_category' on page 1 undefined on 
input line 545.

[651]
pdfTeX warning (ext4): destination with the same identifier (name{problem.1}) h
as been already used, duplicate ignored
<to be read again> 
                   \relax 
l.614 	I
        n the category $\catname{Vect}_k$ of $k$-vector spaces [652]
pdfTeX warning (ext4): destination with the same identifier (name{problem.3}) h
as been already used, duplicate ignored
<to be read again> 
                   \relax 
l.625 	I
        n any category $\AA$ where all products exist,

LaTeX Warning: Reference `abuse:object' on page 1 undefined on input line 628.


pdfTeX warning (ext4): destination with the same identifier (name{problem.4}) h
as been already used, duplicate ignored
<to be read again> 
                   \relax 
l.633 	\onechili
                
File: media/chili.png Graphic file (type png)
<use media/chili.png>
Package pdftex.def Info: media/chili.png  used on input line 633.
(pdftex.def)             Requested size: 16.42499pt x 16.42361pt.
) [653]
\openout2 = `tex/cats/functors.aux'.

 (tex/cats/functors.tex [654





]
chapter 68.
[655] [656]
Underfull \vbox (badness 10000) has occurred while \output is active []

 [657]
pdfTeX warning (ext4): destination with the same identifier (name{theorem.8}) h
as been already used, duplicate ignored
<to be read again> 
                   \relax 
l.215 	[Functors preserve isomorphism]
                                      

LaTeX Warning: Reference `thm:fundgrp_functor' on page 1 undefined on input lin
e 242.

[658]

LaTeX Warning: Reference `sec:yoneda' on page 1 undefined on input line 312.

[659] [660]

Package todonotes Warning: Trying to put a shadow below a todonote,but the load
shadowlibrary option was not given when loadingthe todonotes package on input l
ine 409.

<xymatrix 2x1 20> [661]
\openout4 = `asy/Napkin-68A.asy'.



Package asymptote Warning: file `asy/Napkin-68A.pdf' not found on input line 51
8.

<xymatrix 2x1 20> [662]

LaTeX Warning: Reference `prob:double_dual' on page 1 undefined on input line 5
79.

<xymatrix 2x1 20>

LaTeX Warning: Reference `remark:hurewicz' on page 1 undefined on input line 59
1.


pdfTeX warning (ext4): destination with the same identifier (name{theorem.5}) h
as been already used, duplicate ignored
<to be read again> 
                   \relax 
l.639 	[Yoneda lemma]
                      <xymatrix 2x1 20> [663]

LaTeX Warning: Citation 'ref:msci' on page 664 undefined on input line 668.


LaTeX Warning: Citation 'ref:msci' on page 664 undefined on input line 670.


LaTeX Warning: Reference `thm:yoneda' on page 1 undefined on input line 694.

[664]

LaTeX Warning: Reference `thm:yoneda' on page 1 undefined on input line 709.


pdfTeX warning (ext4): destination with the same identifier (name{problem.1}) h
as been already used, duplicate ignored
<to be read again> 
                   \relax 
l.716 	S
        how that the two definitions of natural transformation
pdfTeX warning (ext4): destination with the same identifier (name{problem.2}) h
as been already used, duplicate ignored
<to be read again> 
                   \relax 
l.744 	L
        et $\AA$ be the category of finite sets whose arrows are bijections ...

pdfTeX warning (ext4): destination with the same identifier (name{problem.3}) h
as been already used, duplicate ignored
<to be read again> 
                   \relax 
l.759 	[Proving the Yoneda lemma]
                                 

LaTeX Warning: Reference `thm:yoneda' on page 1 undefined on input line 760.

File: media/chili.png Graphic file (type png)
<use media/chili.png>
Package pdftex.def Info: media/chili.png  used on input line 765.
(pdftex.def)             Requested size: 16.42499pt x 16.42361pt.
File: media/chili.png Graphic file (type png)
<use media/chili.png>
Package pdftex.def Info: media/chili.png  used on input line 765.
(pdftex.def)             Requested size: 16.42499pt x 16.42361pt.
) [665]
\openout2 = `tex/cats/limits.aux'.

 (tex/cats/limits.tex [666





]
chapter 69.

LaTeX Warning: Citation 'ref:msci' on page 667 undefined on input line 9.


Package todonotes Warning: Trying to put a shadow below a todonote,but the load
shadowlibrary option was not given when loadingthe todonotes package on input l
ine 10.


LaTeX Warning: Citation 'ref:msci' on page 667 undefined on input line 32.

[667]

Package todonotes Warning: Trying to put a shadow below a todonote,but the load
shadowlibrary option was not given when loadingthe todonotes package on input l
ine 84.

) [668]
\openout2 = `tex/cats/abelian.aux'.

 (tex/cats/abelian.tex
chapter 70.

LaTeX Warning: Reference `prob:equalizer_monic' on page 1 undefined on input li
ne 43.


LaTeX Warning: Reference `prob:equalizer_monic' on page 1 undefined on input li
ne 60.

[669





] [670] [671] [672]
pdfTeX warning (ext4): destination with the same identifier (name{theorem.2}) h
as been already used, duplicate ignored
<to be read again> 
                   \relax 
l.290 	[Freyd-Mitchell embedding theorem]
                                          [673] [674]

LaTeX Warning: Citation 'ref:aluffi' on page 675 undefined on input line 379.


LaTeX Warning: Reference `prob:snake' on page 1 undefined on input line 381.


LaTeX Warning: Reference `thm:rank_nullity' on page 1 undefined on input line 4
10.


pdfTeX warning (ext4): destination with the same identifier (name{problem.1}) h
as been already used, duplicate ignored
<to be read again> 
                   \relax 
l.432 	[Four lemma]
                    [675]
pdfTeX warning (ext4): destination with the same identifier (name{problem.2}) h
as been already used, duplicate ignored
<to be read again> 
                   \relax 
l.470 	[Five lemma]
                   
File: media/chili.png Graphic file (type png)
<use media/chili.png>
Package pdftex.def Info: media/chili.png  used on input line 471.
(pdftex.def)             Requested size: 16.42499pt x 16.42361pt.
File: media/chili.png Graphic file (type png)
<use media/chili.png>
Package pdftex.def Info: media/chili.png  used on input line 491.
(pdftex.def)             Requested size: 16.42499pt x 16.42361pt.

pdfTeX warning (ext4): destination with the same identifier (name{problem.4}) h
as been already used, duplicate ignored
<to be read again> 
                   \relax 
l.506 	[An additive category that is not abelian]
                                                 

LaTeX Warning: Reference `ch:relative_hom' on page 1 undefined on input line 51
4.

) [676]
part XVIII.
Package scrkbase Info: You've told me to use the font selection of the element
(scrkbase)             `partprefix' that is an alias of element `partnumber'
(scrkbase)              on input line 184.
[677




]
Package minitoc Info: I0006
(minitoc)             Napkin.ptc18 is empty on input line 187.
\openout2 = `tex/homology/singular.aux'.

 (tex/homology/singular.tex [678



]
chapter 71.
\openout4 = `asy/Napkin-71A.asy'.


Package asymptote Warning: file `asy/Napkin-71A.pdf' not found on input line 66
.

[679]

LaTeX Warning: Reference `ex:simplex' on page 1 undefined on input line 92.


pdfTeX warning (ext4): destination with the same identifier (name{theorem.5}) h
as been already used, duplicate ignored
<to be read again> 
                   \relax 
l.113 	[$\partial^2=0$]
                       

LaTeX Warning: Reference `prob:partial_zero' on page 1 undefined on input line 
117.

\openout4 = `asy/Napkin-71B.asy'.


Package asymptote Warning: file `asy/Napkin-71B.pdf' not found on input line 15
6.

[680]

LaTeX Warning: Reference `prop:homology_torus' on page 1 undefined on input lin
e 176.


LaTeX Warning: Reference `thm:hurewicz' on page 1 undefined on input line 178.

[681]
pdfTeX warning (ext4): destination with the same identifier (name{theorem.7}) h
as been already used, duplicate ignored
<to be read again> 
                   \relax 
l.242 \begin{theorem}[Hurewicz theorem]
                                       

LaTeX Warning: Reference `thm:fundgrp_functor' on page 1 undefined on input lin
e 284.


Underfull \vbox (badness 10000) has occurred while \output is active []

 [682]
\openout4 = `asy/Napkin-71C.asy'.



Package asymptote Warning: file `asy/Napkin-71C.pdf' not found on input line 33
1.


LaTeX Warning: Reference `ex:figure8' on page 1 undefined on input line 344.


Underfull \vbox (badness 10000) has occurred while \output is active []

 [683]

LaTeX Warning: Reference `remark:different_holes' on page 1 undefined on input 
line 365.

[684]
pdfTeX warning (ext4): destination with the same identifier (name{theorem.2}) h
as been already used, duplicate ignored
<to be read again> 
                   \relax 
l.436 ...unctor $\catname{hTop} \to \catname{Ab}$]
                                                   [685] [686]
\openout4 = `asy/Napkin-71D.asy'.



Package asymptote Warning: file `asy/Napkin-71D.pdf' not found on input line 64
3.

[687]
\openout4 = `asy/Napkin-71E.asy'.



Package asymptote Warning: file `asy/Napkin-71E.pdf' not found on input line 72
5.


LaTeX Warning: Reference `thm:Hn_functor' on page 1 undefined on input line 728
.

[688]

LaTeX Warning: Reference `ch:relative_hom' on page 1 undefined on input line 82
9.

[689]
pdfTeX warning (ext4): destination with the same identifier (name{problem.1}) h
as been already used, duplicate ignored
<to be read again> 
                   \relax 
l.849 	F
        or $n \ge 1$ show that the composition
pdfTeX warning (ext4): destination with the same identifier (name{problem.2}) h
as been already used, duplicate ignored
<to be read again> 
                   \relax 
l.862 	[Brouwer fixed point theorem]
                                    ) [690]
\openout2 = `tex/homology/long-exact.aux'.

 (tex/homology/long-exact.tex
chapter 72.

LaTeX Warning: Reference `sec:exact_sequences' on page 1 undefined on input lin
e 53.

[691





]

LaTeX Warning: Reference `def:augment' on page 1 undefined on input line 97.


Underfull \vbox (badness 10000) has occurred while \output is active []

 [692]
pdfTeX warning (ext4): destination with the same identifier (name{theorem.1}) h
as been already used, duplicate ignored
<to be read again> 
                   \relax 
l.139 ...eorem}[Short exact $\implies$ long exact]
                                                   [693]
pdfTeX warning (ext4): destination with the same identifier (name{theorem.5}) h
as been already used, duplicate ignored
<to be read again> 
                   \relax 
l.220 ...ong exact sequence for relative homology]
                                                  
Underfull \vbox (badness 10000) has occurred while \output is active []

 [694]

LaTeX Warning: Citation 'ref:hatcher' on page 695 undefined on input line 241.


pdfTeX warning (ext4): destination with the same identifier (name{theorem.1}) h
as been already used, duplicate ignored
<to be read again> 
                   \relax 
l.245 \begin{theorem}[Open cover homology theorem]
                                                  

LaTeX Warning: Reference `ex:mayer_short_exact' on page 1 undefined on input li
ne 258.


LaTeX Warning: Reference `ex:mayer_short_exact' on page 1 undefined on input li
ne 260.


pdfTeX warning (ext4): destination with the same identifier (name{theorem.3}) h
as been already used, duplicate ignored
<to be read again> 
                   \relax 
l.262 ...orem}[Mayer-Vietoris long exact sequence]
                                                  
pdfTeX warning (ext4): destination with the same identifier (name{theorem.4}) h
as been already used, duplicate ignored
<to be read again> 
                   \relax 
l.272 ...in{theorem}[The homology groups of $S^m$]
                                                   [695]
\openout4 = `asy/Napkin-72A.asy'.



Package asymptote Warning: file `asy/Napkin-72A.pdf' not found on input line 29
8.


LaTeX Warning: Reference `rem:leftdownleft' on page 1 undefined on input line 3
20.

\openout4 = `asy/Napkin-72B.asy'.


Package asymptote Warning: file `asy/Napkin-72B.pdf' not found on input line 34
6.


LaTeX Warning: Reference `ex:S1_c_minus_d' on page 1 undefined on input line 36
2.

[696]
\openout4 = `asy/Napkin-72C.asy'.



Package asymptote Warning: file `asy/Napkin-72C.pdf' not found on input line 39
6.

\openout4 = `asy/Napkin-72D.asy'.


Package asymptote Warning: file `asy/Napkin-72D.pdf' not found on input line 46
5.

[697]
\openout4 = `asy/Napkin-72E.asy'.



Package asymptote Warning: file `asy/Napkin-72E.pdf' not found on input line 53
8.

[698]

LaTeX Warning: Reference `prop:break_exact' on page 1 undefined on input line 5
74.


LaTeX Warning: Reference `lem:split_exact' on page 1 undefined on input line 58
2.

[699]
pdfTeX warning (ext4): destination with the same identifier (name{problem.1}) h
as been already used, duplicate ignored
<to be read again> 
                   \relax 
l.671 	C
        omplete the proof of \Cref{thm:reduced_homology_sphere},

LaTeX Warning: Reference `thm:reduced_homology_sphere' on page 1 undefined on i
nput line 671.


Underfull \vbox (badness 10000) has occurred while \output is active []

 [700]
pdfTeX warning (ext4): destination with the same identifier (name{problem.2}) h
as been already used, duplicate ignored
<to be read again> 
                   \relax 
l.680 	C
        ompute the reduced homology groups
pdfTeX warning (ext4): destination with the same identifier (name{problem.4}) h
as been already used, duplicate ignored
<to be read again> 
                   \relax 
l.718 	[Nine lemma]
                   
File: media/chili.png Graphic file (type png)
<use media/chili.png>
Package pdftex.def Info: media/chili.png  used on input line 741.
(pdftex.def)             Requested size: 16.42499pt x 16.42361pt.
) [701]
\openout2 = `tex/homology/excision.aux'.

 (tex/homology/excision.tex [702





]
chapter 73.

LaTeX Warning: Reference `thm:good_pair' on page 1 undefined on input line 32.


LaTeX Warning: Reference `ex:quotient_by_open_set' on page 1 undefined on input
 line 38.

\openout4 = `asy/Napkin-73A.asy'.


Package asymptote Warning: file `asy/Napkin-73A.pdf' not found on input line 72
.

\openout4 = `asy/Napkin-73B.asy'.


Package asymptote Warning: file `asy/Napkin-73B.pdf' not found on input line 97
.

[703]

LaTeX Warning: Reference `thm:long_exact_rel' on page 1 undefined on input line
 117.


LaTeX Warning: Reference `prob:triple_long_exact' on page 1 undefined on input 
line 122.

[704]
\openout4 = `asy/Napkin-73C.asy'.



Package asymptote Warning: file `asy/Napkin-73C.pdf' not found on input line 21
4.


LaTeX Warning: Reference `def:homotopy_equiv' on page 1 undefined on input line
 234.

[705]

LaTeX Warning: Citation 'ref:hatcher' on page 706 undefined on input line 255.


LaTeX Warning: Reference `prob:triple_long_exact' on page 1 undefined on input 
line 282.


LaTeX Warning: Reference `thm:open_cover_homology' on page 1 undefined on input
 line 287.


pdfTeX warning (ext4): destination with the same identifier (name{theorem.1}) h
as been already used, duplicate ignored
<to be read again> 
                   \relax 
l.289 	[Excision]
                  [706]
\openout4 = `asy/Napkin-73D.asy'.



Package asymptote Warning: file `asy/Napkin-73D.pdf' not found on input line 32
4.


pdfTeX warning (ext4): destination with the same identifier (name{theorem.3}) h
as been already used, duplicate ignored
<to be read again> 
                   \relax 
l.333 ...ative homology $\implies$ quotient space]
                                                  

LaTeX Warning: Reference `prob:triple_long_exact' on page 1 undefined on input 
line 357.


Underfull \vbox (badness 10000) has occurred while \output is active []

 [707]

LaTeX Warning: Reference `lem:rel_contractible' on page 1 undefined on input li
ne 393.


pdfTeX warning (ext4): destination with the same identifier (name{theorem.1}) h
as been already used, duplicate ignored
<to be read again> 
                   \relax 
l.398 \begin{theorem}[Homology of wedge sums]
                                             

LaTeX Warning: Reference `thm:good_pair' on page 1 undefined on input line 408.


[708]
pdfTeX warning (ext4): destination with the same identifier (name{theorem.2}) h
as been already used, duplicate ignored
<to be read again> 
                   \relax 
l.476 	[Invariance of dimension, Brouwer 1910]
                                               [709]

LaTeX Warning: Reference `thm:long_exact_rel' on page 1 undefined on input line
 485.


pdfTeX warning (ext4): destination with the same identifier (name{problem.1}) h
as been already used, duplicate ignored
<to be read again> 
                   \relax 
l.505 	L
        et $X = S^1 \times S^1$ and $Y = S^1 \vee S^1 \vee S^2$.
pdfTeX warning (ext4): destination with the same identifier (name{problem.2}) h
as been already used, duplicate ignored
<to be read again> 
                   \relax 
l.509 \begin{problem}[Hatcher \S2.1 exercise 18]
                                                
pdfTeX warning (ext4): destination with the same identifier (name{problem.4}) h
as been already used, duplicate ignored
<to be read again> 
                   \relax 
l.534 	L
        et \[ X = \{(x,y) \mid x \ge 0\} \subseteq \RR^2 \]
pdfTeX warning (ext4): destination with the same identifier (name{problem.5}) h
as been already used, duplicate ignored
<to be read again> 
                   \relax 
l.542 	generalizing Jordan curve theorem]
                                         
File: media/chili.png Graphic file (type png)
<use media/chili.png>
Package pdftex.def Info: media/chili.png  used on input line 543.
(pdftex.def)             Requested size: 16.42499pt x 16.42361pt.
File: media/chili.png Graphic file (type png)
<use media/chili.png>
Package pdftex.def Info: media/chili.png  used on input line 543.
(pdftex.def)             Requested size: 16.42499pt x 16.42361pt.
) [710]
\openout2 = `tex/homology/cellular.aux'.

 (tex/homology/cellular.tex
chapter 74.

LaTeX Warning: Reference `ex:homology_group_sphere' on page 1 undefined on inpu
t line 17.


pdfTeX warning (ext4): destination with the same identifier (name{theorem.3}) h
as been already used, duplicate ignored
<to be read again> 
                   \relax 
l.43 	[Hairy ball theorem]
                           [711





]
\openout4 = `asy/Napkin-74A.asy'.



Package asymptote Warning: file `asy/Napkin-74A.pdf' not found on input line 74
.


LaTeX Warning: Reference `thm:good_pair' on page 1 undefined on input line 100.


\openout4 = `asy/Napkin-74B.asy'.


Package asymptote Warning: file `asy/Napkin-74B.pdf' not found on input line 11
8.


Overfull \hbox (0.48782pt too wide) in paragraph at lines 174--175
 [] 
 []

[712]
pdfTeX warning (ext4): destination with the same identifier (name{theorem.4}) h
as been already used, duplicate ignored
<to be read again> 
                   \relax 
l.203 ...m}[Cellular chain complex gives $H_n(X)$]
                                                   [713]

LaTeX Warning: Reference `prob:diagram_chase' on page 1 undefined on input line
 209.

\openout4 = `asy/Napkin-74C.asy'.


Package asymptote Warning: file `asy/Napkin-74C.pdf' not found on input line 23
3.

\openout4 = `asy/Napkin-74D.asy'.


Package asymptote Warning: file `asy/Napkin-74D.pdf' not found on input line 28
7.

[714]

LaTeX Warning: Citation 'ref:hatcher' on page 715 undefined on input line 350.


LaTeX Warning: Citation 'ref:hatcher' on page 715 undefined on input line 360.


pdfTeX warning (ext4): destination with the same identifier (name{theorem.1}) h
as been already used, duplicate ignored
<to be read again> 
                   \relax 
l.374 	[Euler characteristic via Betti numbers]
                                                [715]

LaTeX Warning: Reference `prob:betti' on page 1 undefined on input line 428.

[716]
pdfTeX warning (ext4): destination with the same identifier (name{theorem.1}) h
as been already used, duplicate ignored
<to be read again> 
                   \relax 
l.435 	[Cellular boundary formula for $k=1$]
                                            
pdfTeX warning (ext4): destination with the same identifier (name{theorem.2}) h
as been already used, duplicate ignored
<to be read again> 
                   \relax 
l.439 	[Cellular boundary for $k > 1$]
                                      
\openout4 = `asy/Napkin-74E.asy'.



Package asymptote Warning: file `asy/Napkin-74E.pdf' not found on input line 46
8.

\openout4 = `asy/Napkin-74F.asy'.


Package asymptote Warning: file `asy/Napkin-74F.pdf' not found on input line 48
7.

[717]
\openout4 = `asy/Napkin-74G.asy'.



Package asymptote Warning: file `asy/Napkin-74G.pdf' not found on input line 53
1.

\openout4 = `asy/Napkin-74H.asy'.


Package asymptote Warning: file `asy/Napkin-74H.pdf' not found on input line 60
5.

\openout4 = `asy/Napkin-74I.asy'.


Package asymptote Warning: file `asy/Napkin-74I.pdf' not found on input line 62
3.

\openout4 = `asy/Napkin-74J.asy'.


Package asymptote Warning: file `asy/Napkin-74J.pdf' not found on input line 64
4.

[718]
pdfTeX warning (ext4): destination with the same identifier (name{problem.2}) h
as been already used, duplicate ignored
<to be read again> 
                   \relax 
l.669 	S
        how that a non-surjective map $f \colon S^n \to S^n$ has degree zero.
pdfTeX warning (ext4): destination with the same identifier (name{problem.3}) h
as been already used, duplicate ignored
<to be read again> 
                   \relax 
l.675 \begin{problem}[Moore spaces]
                                   
File: media/chili.png Graphic file (type png)
<use media/chili.png>
Package pdftex.def Info: media/chili.png  used on input line 676.
(pdftex.def)             Requested size: 16.42499pt x 16.42361pt.

pdfTeX warning (ext4): destination with the same identifier (name{problem.4}) h
as been already used, duplicate ignored
<to be read again> 
                   \relax 
l.691 	\label
             {prob:diagram_chase}

LaTeX Warning: Reference `thm:cellular_chase' on page 1 undefined on input line
 692.

File: media/chili.png Graphic file (type png)
<use media/chili.png>
Package pdftex.def Info: media/chili.png  used on input line 717.
(pdftex.def)             Requested size: 16.42499pt x 16.42361pt.
[719]) [720]
\openout2 = `tex/homology/cohomology.aux'.

 (tex/homology/cohomology.tex
chapter 75.

LaTeX Warning: Citation 'ref:hatcher' on page 721 undefined on input line 21.

[721





] [722]
pdfTeX warning (ext4): destination with the same identifier (name{theorem.4}) h
as been already used, duplicate ignored
<to be read again> 
                   \relax 
l.170 ...G): \catname{hTop}\op \to \catname{Grp}$]
                                                  
Underfull \vbox (badness 10000) has occurred while \output is active []

 [723]
pdfTeX warning (ext4): destination with the same identifier (name{theorem.1}) h
as been already used, duplicate ignored
<to be read again> 
                   \relax 
l.218 	[Universal coefficient theorem]
                                       [724]

LaTeX Warning: Reference `sec:structure_thm' on page 1 undefined on input line 
261.

[725]
Overfull \hbox (4.136pt too wide) in paragraph at lines 319--321
[]\T1/lmr/m/n/10.95 (-20) Even though $\OML/lmm/m/it/10.95 H[]\OT1/lmr/m/n/10.9
5 (-20) (\OML/lmm/m/it/10.95 A[]\OT1/lmr/m/n/10.95 (-20) ) = 0$\T1/lmr/m/n/10.9
5 (-20) , it is still pos-si-ble for $\OML/lmm/m/it/10.95 H[]\OT1/lmr/m/n/10.95
 (-20) (\OML/lmm/m/it/10.95 A[]\OT1/lmr/m/n/10.95 (-20) ; \OML/lmm/m/it/10.95 G
\OT1/lmr/m/n/10.95 (-20) ) \OMS/lmsy/m/n/10.95 6\OT1/lmr/m/n/10.95 (-20) = 0$ \
T1/lmr/m/n/10.95 (-20) if $[]\OT1/lmr/m/n/10.95 (-20) (\OML/lmm/m/it/10.95 H[]\
OT1/lmr/m/n/10.95 (-20) (\OML/lmm/m/it/10.95 A[]\OT1/lmr/m/n/10.95 (-20) )\OML/
lmm/m/it/10.95 ; G\OT1/lmr/m/n/10.95 (-20) ) \OMS/lmsy/m/n/10.95 6\OT1/lmr/m/n/
10.95 (-20) =
 []


LaTeX Warning: Reference `sec:visual_cohom_groups' on page 1 undefined on input
 line 322.

[726]

LaTeX Warning: Reference `ex:homology_klein' on page 1 undefined on input line 
432.

[727]

LaTeX Warning: Reference `def:cycle_and_boundary' on page 1 undefined on input 
line 483.

[728]

LaTeX Warning: Reference `sec:higher_homotopy_grps' on page 1 undefined on inpu
t line 526.

\openout4 = `asy/Napkin-75A.asy'.


Package asymptote Warning: file `asy/Napkin-75A.pdf' not found on input line 54
3.

\openout4 = `asy/Napkin-75B.asy'.


Package asymptote Warning: file `asy/Napkin-75B.pdf' not found on input line 56
4.

[729]
\openout4 = `asy/Napkin-75C.asy'.



Package asymptote Warning: file `asy/Napkin-75C.pdf' not found on input line 57
9.

\openout4 = `asy/Napkin-75D.asy'.


Package asymptote Warning: file `asy/Napkin-75D.pdf' not found on input line 59
2.

\openout4 = `asy/Napkin-75E.asy'.


Package asymptote Warning: file `asy/Napkin-75E.pdf' not found on input line 64
5.

\openout4 = `asy/Napkin-75F.asy'.


Package asymptote Warning: file `asy/Napkin-75F.pdf' not found on input line 67
8.

\openout4 = `asy/Napkin-75G.asy'.


Package asymptote Warning: file `asy/Napkin-75G.pdf' not found on input line 71
3.

[730]

LaTeX Warning: Reference `sec:de_rham_cohom' on page 1 undefined on input line 
734.

[731]
pdfTeX warning (ext4): destination with the same identifier (name{problem.3}) h
as been already used, duplicate ignored
<to be read again> 
                   \relax 
l.793 ...in{problem}[$\Zc2$-cohomology of $\RP^n$]
                                                  ) [732]
\openout2 = `tex/homology/cup-product.aux'.


(tex/homology/cup-product.tex
chapter 76.

LaTeX Warning: Citation 'ref:hatcher' on page 733 undefined on input line 7.


LaTeX Warning: Citation 'ref:maxim752' on page 733 undefined on input line 7.


pdfTeX warning (ext4): destination with the same identifier (name{theorem.1}) h
as been already used, duplicate ignored
<to be read again> 
                   \relax 
l.30 	[Poincar\'e duality]
                          

LaTeX Warning: Reference `prob:betti' on page 1 undefined on input line 49.

[733





]
pdfTeX warning (ext4): destination with the same identifier (name{theorem.2}) h
as been already used, duplicate ignored
<to be read again> 
                   \relax 
l.86 	[de Rham's theorem]
                         

LaTeX Warning: Reference `ex:angle_form' on page 1 undefined on input line 103.


[734]

LaTeX Warning: Reference `sec:homology_group_equal' on page 1 undefined on inpu
t line 146.


LaTeX Warning: Reference `sec:first_isomorphism_thm' on page 1 undefined on inp
ut line 159.

[735] [736]

LaTeX Warning: Reference `sec:wedge_product_dual' on page 1 undefined on input 
line 313.

\openout4 = `asy/Napkin-76A.asy'.


Package asymptote Warning: file `asy/Napkin-76A.pdf' not found on input line 34
3.

[737]

LaTeX Warning: Citation 'ref:hatcher' on page 738 undefined on input line 376.


pdfTeX warning (ext4): destination with the same identifier (name{theorem.6}) h
as been already used, duplicate ignored
<to be read again> 
                   \relax 
l.379 	[de Rham extends to ring isomorphism]
                                             [738] [739]
<3dfigures/pdf/1cycle.pdf, id=8678, 61.20868pt x 61.22874pt>
File: 3dfigures/pdf/1cycle.pdf Graphic file (type pdf)
<use 3dfigures/pdf/1cycle.pdf>
Package pdftex.def Info: 3dfigures/pdf/1cycle.pdf  used on input line 460.
(pdftex.def)             Requested size: 61.20851pt x 61.22858pt.
\openout4 = `asy/Napkin-76B.asy'.



Package asymptote Warning: file `asy/Napkin-76B.pdf' not found on input line 48
1.


pdfTeX warning (ext4): destination with the same identifier (name{theorem.1}) h
as been already used, duplicate ignored
<to be read again> 
                   \relax 
l.510 	[Cohomology (pseudo-)rings are functorial]
                                                  [740 <./3dfigures/pdf/1cycle.
pdf>]

LaTeX Warning: Reference `ex:product_ring' on page 1 undefined on input line 53
8.


pdfTeX warning (ext4): destination with the same identifier (name{theorem.3}) h
as been already used, duplicate ignored
<to be read again> 
                   \relax 
l.546 	[Cohomology pseudo-rings of wedge sums]
                                              
\openout4 = `asy/Napkin-76C.asy'.



Package asymptote Warning: file `asy/Napkin-76C.pdf' not found on input line 57
9.

[741] [742]
\openout4 = `asy/Napkin-76D.asy'.



Package asymptote Warning: file `asy/Napkin-76D.pdf' not found on input line 67
5.


LaTeX Warning: Citation 'ref:hatcher' on page 743 undefined on input line 682.


pdfTeX warning (ext4): destination with the same identifier (name{theorem.2}) h
as been already used, duplicate ignored
<to be read again> 
                   \relax 
l.698 	\label
             {thm:topological_kunneth_1} [743]

LaTeX Warning: Reference `thm:topological_kunneth_1' on page 1 undefined on inp
ut line 736.


pdfTeX warning (ext4): destination with the same identifier (name{theorem.4}) h
as been already used, duplicate ignored
<to be read again> 
                   \relax 
l.738 	I
        f $X$ and $Y$ are CW complexes, then [744]

LaTeX Warning: Reference `ch:cellular_homology' on page 1 undefined on input li
ne 768.

[745] [746]
pdfTeX warning (ext4): destination with the same identifier (name{theorem.4}) h
as been already used, duplicate ignored
<to be read again> 
                   \relax 
l.927 	[K\"unneth formula]
                           [747]
pdfTeX warning (ext4): destination with the same identifier (name{problem.2}) h
as been already used, duplicate ignored
<to be read again> 
                   \relax 
l.1016 	S
         how that $\RP^n$ is not orientable for even $n$.
pdfTeX warning (ext4): destination with the same identifier (name{problem.3}) h
as been already used, duplicate ignored
<to be read again> 
                   \relax 
l.1023 	S
         how that $\RP^3$ is not homotopy equivalent to $\RP^2 \vee S^3$.
pdfTeX warning (ext4): destination with the same identifier (name{problem.4}) h
as been already used, duplicate ignored
<to be read again> 
                   \relax 
l.1030 	\onechili
                 
File: media/chili.png Graphic file (type png)
<use media/chili.png>
Package pdftex.def Info: media/chili.png  used on input line 1030.
(pdftex.def)             Requested size: 16.42499pt x 16.42361pt.
 [748]) [749] [750




]
part XIX.
Package scrkbase Info: You've told me to use the font selection of the element
(scrkbase)             `partprefix' that is an alias of element `partnumber'
(scrkbase)              on input line 194.
[751]
Package minitoc Info: I0006
(minitoc)             Napkin.ptc19 is empty on input line 197.
\openout2 = `tex/alg-geom/affine-var.aux'.

 (tex/alg-geom/affine-var.tex [752



]
chapter 77.
\openout4 = `asy/Napkin-77A.asy'.


Package asymptote Warning: file `asy/Napkin-77A.pdf' not found on input line 39
.

[753]

LaTeX Warning: Reference `thm:hilbert_basis' on page 1 undefined on input line 
118.

[754]

LaTeX Warning: Reference `thm:radical_intersect_prime' on page 1 undefined on i
nput line 161.


pdfTeX warning (ext4): destination with the same identifier (name{theorem.4}) h
as been already used, duplicate ignored
<to be read again> 
                   \relax 
l.193 \begin{theorem}[Hilbert's Nullstellensatz]
                                                
Underfull \vbox (badness 1270) has occurred while \output is active []

 [755]

LaTeX Warning: Reference `prob:hilbert_from_weak' on page 1 undefined on input 
line 207.


Package hyperref Warning: Token not allowed in a PDF string (Unicode):
(hyperref)                removing `math shift' on input line 213.


Package hyperref Warning: Token not allowed in a PDF string (Unicode):
(hyperref)                removing `superscript' on input line 213.


Package hyperref Warning: Token not allowed in a PDF string (Unicode):
(hyperref)                removing `math shift' on input line 213.

\openout4 = `asy/Napkin-77B.asy'.


Package asymptote Warning: file `asy/Napkin-77B.pdf' not found on input line 23
1.

\openout4 = `asy/Napkin-77C.asy'.


Package asymptote Warning: file `asy/Napkin-77C.pdf' not found on input line 24
7.


pdfTeX warning (ext4): destination with the same identifier (name{theorem.2}) h
as been already used, duplicate ignored
<to be read again> 
                   \relax 
l.268 ...m}[Intersections and unions of varieties]
                                                   [756] [757]
pdfTeX warning (ext4): destination with the same identifier (name{theorem.5}) h
as been already used, duplicate ignored
<to be read again> 
                   \relax 
l.372 \begin{theorem}[Prime $\iff$ irreducible]
                                               

Package hyperref Warning: Token not allowed in a PDF string (Unicode):
(hyperref)                removing `math shift' on input line 397.


Package hyperref Warning: Token not allowed in a PDF string (Unicode):
(hyperref)                removing `superscript' on input line 397.


Package hyperref Warning: Token not allowed in a PDF string (Unicode):
(hyperref)                removing `math shift' on input line 397.


Package hyperref Warning: Token not allowed in a PDF string (Unicode):
(hyperref)                removing `math shift' on input line 397.


Package hyperref Warning: Token not allowed in a PDF string (Unicode):
(hyperref)                removing `superscript' on input line 397.


Package hyperref Warning: Token not allowed in a PDF string (Unicode):
(hyperref)                removing `math shift' on input line 397.

[758]
\openout4 = `asy/Napkin-77D.asy'.



Package asymptote Warning: file `asy/Napkin-77D.pdf' not found on input line 43
4.


LaTeX Warning: Citation 'ref:vakil' on page 759 undefined on input line 452.


pdfTeX warning (ext4): destination with the same identifier (name{theorem.1}) h
as been already used, duplicate ignored
<to be read again> 
                   \relax 
l.481 ...stellensatz, phrased with maximal ideals]
                                                  

LaTeX Warning: Citation 'ref:vakil' on page 759 undefined on input line 486.

[759]
\openout4 = `asy/Napkin-77E.asy'.



Package asymptote Warning: file `asy/Napkin-77E.pdf' not found on input line 53
8.


Package todonotes Warning: Trying to put a shadow below a todonote,but the load
shadowlibrary option was not given when loadingthe todonotes package on input l
ine 557.


pdfTeX warning (ext4): destination with the same identifier (name{problem.1}) h
as been already used, duplicate ignored
<to be read again> 
                   \relax 
l.560 	S
        how that $I \subseteq \sqrt I$ and $\sqrt I \cap \sqrt J =
pdfTeX warning (ext4): destination with the same identifier (name{problem.2}) h
as been already used, duplicate ignored
<to be read again> 
                   \relax 
l.566 	S
        how that a \emph{real} affine variety $V \subseteq \Aff_\RR^n$
pdfTeX warning (ext4): destination with the same identifier (name{problem.3}) h
as been already used, duplicate ignored
<to be read again> 
                   \relax 
l.579 	[Complex varieties can't be empty]
                                         
pdfTeX warning (ext4): destination with the same identifier (name{problem.4}) h
as been already used, duplicate ignored
<to be read again> 
                   \relax 
l.598 	\twochili
                
File: media/chili.png Graphic file (type png)
<use media/chili.png>
Package pdftex.def Info: media/chili.png  used on input line 598.
(pdftex.def)             Requested size: 16.42499pt x 16.42361pt.
File: media/chili.png Graphic file (type png)
<use media/chili.png>
Package pdftex.def Info: media/chili.png  used on input line 598.
(pdftex.def)             Requested size: 16.42499pt x 16.42361pt.
) [760]
\openout2 = `tex/alg-geom/zariski.aux'.

 (tex/alg-geom/zariski.tex
chapter 78.
\openout4 = `asy/Napkin-78A.asy'.


Package asymptote Warning: file `asy/Napkin-78A.pdf' not found on input line 39
.


Package hyperref Warning: Token not allowed in a PDF string (Unicode):
(hyperref)                removing `math shift' on input line 53.


Package hyperref Warning: Token not allowed in a PDF string (Unicode):
(hyperref)                removing `superscript' on input line 53.


Package hyperref Warning: Token not allowed in a PDF string (Unicode):
(hyperref)                removing `math shift' on input line 53.

[761





]
\openout4 = `asy/Napkin-78B.asy'.



Package asymptote Warning: file `asy/Napkin-78B.pdf' not found on input line 10
9.

[762]
\openout4 = `asy/Napkin-78C.asy'.



Package asymptote Warning: file `asy/Napkin-78C.pdf' not found on input line 18
9.


LaTeX Warning: Citation 'ref:vakil' on page 763 undefined on input line 206.

[763]
pdfTeX warning (ext4): destination with the same identifier (name{theorem.3}) h
as been already used, duplicate ignored
<to be read again> 
                   \relax 
l.297 ...em}[Coordinate rings correspond to ideal]
                                                   [764]

LaTeX Warning: Citation 'ref:vakil' on page 765 undefined on input line 317.

[765]
Underfull \vbox (badness 3525) has occurred while \output is active []

 [766]
pdfTeX warning (ext4): destination with the same identifier (name{theorem.1}) h
as been already used, duplicate ignored
<to be read again> 
                   \relax 
l.422 ...lar functions on distinguished open sets]
                                                   [767]

LaTeX Warning: Reference `ex:local_rep' on page 1 undefined on input line 497.

[768]) [769]
\openout2 = `tex/alg-geom/proj-var.aux'.

 (tex/alg-geom/proj-var.tex [770





]
chapter 79.

LaTeX Warning: Reference `def:graded_ring' on page 1 undefined on input line 12
.

[771]

LaTeX Warning: Reference `sec:top_spaces' on page 1 undefined on input line 94.


[772]
<media/cone.pdf, id=9044, 113.67468pt x 142.26149pt>
File: media/cone.pdf Graphic file (type pdf)
<use media/cone.pdf>
Package pdftex.def Info: media/cone.pdf  used on input line 170.
(pdftex.def)             Requested size: 113.6744pt x 142.26112pt.
 [773 <./media/cone.pdf>]
pdfTeX warning (ext4): destination with the same identifier (name{theorem.4}) h
as been already used, duplicate ignored
<to be read again> 
                   \relax 
l.216 	[Homogeneous Nullstellensatz]
                                     [774]

LaTeX Warning: Reference `thm:many_aff_variety' on page 1 undefined on input li
ne 253.


LaTeX Warning: Reference `remark:meaning_name_coordinate_ring' on page 1 undefi
ned on input line 290.

[775]

LaTeX Warning: Reference `thm:reg_func_distinguish_open' on page 1 undefined on
 input line 337.


pdfTeX warning (ext4): destination with the same identifier (name{theorem.1}) h
as been already used, duplicate ignored
<to be read again> 
                   \relax 
l.339 ...ished open sets for projective varieties]
                                                  
pdfTeX warning (ext4): destination with the same identifier (name{theorem.3}) h
as been already used, duplicate ignored
<to be read again> 
                   \relax 
l.358 ...nt regular functions on projective space]
                                                   [776]

LaTeX Warning: Reference `thm:proj_reg_func_dist_open' on page 1 undefined on i
nput line 386.


Package todonotes Warning: Trying to put a shadow below a todonote,but the load
shadowlibrary option was not given when loadingthe todonotes package on input l
ine 414.

) [777]
\openout2 = `tex/alg-geom/bezout.aux'.

 (tex/alg-geom/bezout.tex [778





]
chapter 80.
\openout4 = `asy/Napkin-80A.asy'.


Package asymptote Warning: file `asy/Napkin-80A.pdf' not found on input line 36
.

\openout4 = `asy/Napkin-80B.asy'.


Package asymptote Warning: file `asy/Napkin-80B.pdf' not found on input line 51
.

[779]
Underfull \vbox (badness 1210) has occurred while \output is active []

 [780]
pdfTeX warning (ext4): destination with the same identifier (name{theorem.9}) h
as been already used, duplicate ignored
<to be read again> 
                   \relax 
l.204 ... functions of zero-dimensional varieties]
                                                  

LaTeX Warning: Reference `ex:hilbert_zero' on page 1 undefined on input line 21
5.

[781]

LaTeX Warning: Reference `thm:many_aff_variety' on page 1 undefined on input li
ne 222.


LaTeX Warning: Reference `ex:hilbert_zero' on page 1 undefined on input line 24
5.


LaTeX Warning: Reference `ques:hilbert_always_one' on page 1 undefined on input
 line 246.


pdfTeX warning (ext4): destination with the same identifier (name{theorem.3}) h
as been already used, duplicate ignored
<to be read again> 
                   \relax 
l.281 	[Hilbert polynomial]
                            [782] [783]

LaTeX Warning: Reference `thm:hilbert_polynomial' on page 1 undefined on input 
line 369.


LaTeX Warning: Reference `prop:hilbert_function_intersection_union' on page 1 u
ndefined on input line 370.


pdfTeX warning (ext4): destination with the same identifier (name{theorem.5}) h
as been already used, duplicate ignored
<to be read again> 
                   \relax 
l.397 	[B\'ezout's theorem]
                           
Underfull \vbox (badness 10000) has occurred while \output is active []

 [784]

LaTeX Warning: Reference `prob:bezout' on page 1 undefined on input line 427.


pdfTeX warning (ext4): destination with the same identifier (name{theorem.3}) h
as been already used, duplicate ignored
<to be read again> 
                   \relax 
l.453 	[Pascal's theorem]
                         
\openout4 = `asy/Napkin-80C.asy'.



Package asymptote Warning: file `asy/Napkin-80C.pdf' not found on input line 49
3.

[785]
pdfTeX warning (ext4): destination with the same identifier (name{problem.1}) h
as been already used, duplicate ignored
<to be read again> 
                   \relax 
l.525 	\label
             {prob:bezout}
pdfTeX warning (ext4): destination with the same identifier (name{problem.2}) h
as been already used, duplicate ignored
<to be read again> 
                   \relax 
l.550 	[USA TST 2016/6]
                       
File: media/chili.png Graphic file (type png)
<use media/chili.png>
Package pdftex.def Info: media/chili.png  used on input line 551.
(pdftex.def)             Requested size: 16.42499pt x 16.42361pt.
File: media/chili.png Graphic file (type png)
<use media/chili.png>
Package pdftex.def Info: media/chili.png  used on input line 551.
(pdftex.def)             Requested size: 16.42499pt x 16.42361pt.
) [786]
\openout2 = `tex/alg-geom/quasi-proj.aux'.

 (tex/alg-geom/quasi-proj.tex
chapter 81.
[787





]
\openout4 = `asy/Napkin-81A.asy'.



Package asymptote Warning: file `asy/Napkin-81A.pdf' not found on input line 10
8.


LaTeX Warning: Reference `thm:affine_global_polynomial' on page 1 undefined on 
input line 129.


pdfTeX warning (ext4): destination with the same identifier (name{theorem.2}) h
as been already used, duplicate ignored
<to be read again> 
                   \relax 
l.160 ...ffine varieties are globally polynomials]
                                                   [788]
pdfTeX warning (ext4): destination with the same identifier (name{theorem.4}) h
as been already used, duplicate ignored
<to be read again> 
                   \relax 
l.221 ...ective varieties are locally polynomials]
                                                  
Underfull \vbox (badness 10000) has occurred while \output is active []

 [789]
[790] [791]
\openout4 = `asy/Napkin-81B.asy'.



Package asymptote Warning: file `asy/Napkin-81B.pdf' not found on input line 37
5.


pdfTeX warning (ext4): destination with the same identifier (name{theorem.2}) h
as been already used, duplicate ignored
<to be read again> 
                   \relax 
l.389 ...ished open subsets of affines are affine]
                                                  
pdfTeX warning (ext4): destination with the same identifier (name{problem.1}) h
as been already used, duplicate ignored
<to be read again> 
                   \relax 
l.415 	C
        onsider the map
pdfTeX warning (ext4): destination with the same identifier (name{problem.3}) h
as been already used, duplicate ignored
<to be read again> 
                   \relax 
l.432 	L
        et $V$ be an affine variety
pdfTeX warning (ext4): destination with the same identifier (name{problem.4}) h
as been already used, duplicate ignored
<to be read again> 
                   \relax 
l.448 	[Punctured plane is not affine]
                                      
File: media/chili.png Graphic file (type png)
<use media/chili.png>
Package pdftex.def Info: media/chili.png  used on input line 449.
(pdftex.def)             Requested size: 16.42499pt x 16.42361pt.
 [792]) [793] [794




]
part XX.
Package scrkbase Info: You've told me to use the font selection of the element
(scrkbase)             `partprefix' that is an alias of element `partnumber'
(scrkbase)              on input line 203.
[795]
Package minitoc Info: I0006
(minitoc)             Napkin.ptc20 is empty on input line 206.
\openout2 = `tex/alg-geom/sheaves.aux'.

 (tex/alg-geom/sheaves.tex [796



]
chapter 82.

LaTeX Warning: Reference `ch:spec_zariski' on page 1 undefined on input line 24
.


LaTeX Warning: Reference `sec:sheaf_regular_functions' on page 1 undefined on i
nput line 41.

[797]
\openout4 = `asy/Napkin-82A.asy'.



Package asymptote Warning: file `asy/Napkin-82A.pdf' not found on input line 12
4.

\openout4 = `asy/Napkin-82B.asy'.


Package asymptote Warning: file `asy/Napkin-82B.pdf' not found on input line 14
3.

[798] [799]
\openout4 = `asy/Napkin-82C.asy'.



Package asymptote Warning: file `asy/Napkin-82C.pdf' not found on input line 26
4.


LaTeX Warning: Reference `ex:nonanalytic' on page 1 undefined on input line 293
.

[800]
pdfTeX warning (ext4): destination with the same identifier (name{theorem.7}) h
as been already used, duplicate ignored
<to be read again> 
                   \relax 
l.336 	[Stalks of $\OO_V$]
                           [801] [802]
\openout4 = `asy/Napkin-82D.asy'.



Package asymptote Warning: file `asy/Napkin-82D.pdf' not found on input line 47
4.


LaTeX Warning: Reference `ex:diff_pullback' on page 1 undefined on input line 5
00.


LaTeX Warning: Reference `ex:sheaf_of_locally_constant' on page 803 undefined o
n input line 552.

[803] [804]
pdfTeX warning (ext4): destination with the same identifier (name{theorem.5}) h
as been already used, duplicate ignored
<to be read again> 
                   \relax 
l.637 	[Sections ``are'' just compatible germs]
                                               
\openout4 = `asy/Napkin-82E.asy'.



Package asymptote Warning: file `asy/Napkin-82E.pdf' not found on input line 68
5.

[805]
pdfTeX warning (ext4): destination with the same identifier (name{problem.1}) h
as been already used, duplicate ignored
<to be read again> 
                   \relax 
l.774 	P
        rove that if $\SF$ is already a sheaf, then $\SF(U) \cong \SF\sh(U)$
pdfTeX warning (ext4): destination with the same identifier (name{problem.2}) h
as been already used, duplicate ignored
<to be read again> 
                   \relax 
l.784 	\label
             {prob:finite_sheaf} [806]
pdfTeX warning (ext4): destination with the same identifier (name{problem.3}) h
as been already used, duplicate ignored
<to be read again> 
                   \relax 
l.797 	[Skyscraper sheaf]
                         
pdfTeX warning (ext4): destination with the same identifier (name{problem.4}) h
as been already used, duplicate ignored
<to be read again> 
                   \relax 
l.820 	L
        et $\SF$ be a sheaf of rings on a space $X$ and let $s \in \SF(X)$)
[807]
\openout2 = `tex/alg-geom/localization.aux'.

 (tex/alg-geom/localization.tex [808





]
chapter 83.

LaTeX Warning: Reference `thm:reg_func_distinguish_open' on page 1 undefined on
 input line 50.


LaTeX Warning: Reference `thm:stalks_affine_var' on page 1 undefined on input l
ine 50.


LaTeX Warning: Reference `thm:reg_func_distinguish_open' on page 1 undefined on
 input line 50.


LaTeX Warning: Reference `thm:stalks_affine_var' on page 1 undefined on input l
ine 50.

[809] [810]

LaTeX Warning: Reference `sec:example_spec_Zc60' on page 1 undefined on input l
ine 193.

[811]

LaTeX Warning: Reference `sec:example_spec_kxy_div_xy' on page 1 undefined on i
nput line 235.


LaTeX Warning: Reference `thm:stalks_affine_var' on page 1 undefined on input l
ine 271.

[812]
Underfull \vbox (badness 10000) has occurred while \output is active []

 [813]

LaTeX Warning: Reference `prob:prime_preimage' on page 1 undefined on input lin
e 369.

[814]

LaTeX Warning: Reference `prob:inclusion_preserving' on page 1 undefined on inp
ut line 445.

[815]

LaTeX Warning: Reference `prob:prime_preimage' on page 1 undefined on input lin
e 461.


LaTeX Warning: Reference `sec:convenient_square' on page 1 undefined on input l
ine 488.

[816]

LaTeX Warning: Reference `eq:quotient_localization_before' on page 817 undefine
d on input line 523.


LaTeX Warning: Reference `eq:quotient_localization_after' on page 817 undefined
 on input line 527.


pdfTeX warning (ext4): destination with the same identifier (name{theorem.1}) h
as been already used, duplicate ignored
<to be read again> 
                   \relax 
l.562 	[Localization commutes with quotients]
                                             
pdfTeX warning (ext4): destination with the same identifier (name{problem.1}) h
as been already used, duplicate ignored
<to be read again> 
                   \relax 
l.597 	L
        et $A = \Zc{2016}$, and consider the element $60 \in A$. [817]
pdfTeX warning (ext4): destination with the same identifier (name{problem.2}) h
as been already used, duplicate ignored
<to be read again> 
                   \relax 
l.605 	[Injectivity of localizations]
                                     
pdfTeX warning (ext4): destination with the same identifier (name{problem.4}) h
as been already used, duplicate ignored
<to be read again> 
                   \relax 
l.629 	L
        et $A$ be a nonzero ring such that $A_\kp$ is an integral domain)
[818]
\openout2 = `tex/alg-geom/spec-zariski.aux'.

 (tex/alg-geom/spec-zariski.tex
chapter 84.

LaTeX Warning: Reference `ch:spec_sheaf' on page 1 undefined on input line 12.


LaTeX Warning: Reference `ch:spec_examples' on page 1 undefined on input line 1
4.


LaTeX Warning: Reference `ch:spec_examples' on page 1 undefined on input line 1
7.

[819





]

LaTeX Warning: Reference `prop:prime_quotient' on page 1 undefined on input lin
e 114.

<media/calvin-hobbes-fly.png, id=10460, 238.8925pt x 301.125pt>
File: media/calvin-hobbes-fly.png Graphic file (type png)
<use media/calvin-hobbes-fly.png>
Package pdftex.def Info: media/calvin-hobbes-fly.png  used on input line 134.
(pdftex.def)             Requested size: 95.5553pt x 120.44786pt.

Underfull \vbox (badness 10000) has occurred while \output is active []

 [820]

LaTeX Warning: Citation 'img:calvin_hobbes_fly' on page 821 undefined on input 
line 135.


LaTeX Warning: Reference `sec:localize_prime_ideal' on page 1 undefined on inpu
t line 140.

[821 <./media/calvin-hobbes-fly.png>]

LaTeX Warning: Reference `def:closure' on page 1 undefined on input line 221.

\openout4 = `asy/Napkin-84A.asy'.


Package asymptote Warning: file `asy/Napkin-84A.pdf' not found on input line 26
0.

[822] [823] [824]

LaTeX Warning: Reference `thm:hilbert_null' on page 1 undefined on input line 4
18.


LaTeX Warning: Reference `prop:radical' on page 1 undefined on input line 442.


pdfTeX warning (ext4): destination with the same identifier (name{theorem.2}) h
as been already used, duplicate ignored
<to be read again> 
                   \relax 
l.448 	[Radical is intersection of primes]
                                          
Underfull \vbox (badness 10000) has occurred while \output is active []

 [825]
Overfull \hbox (6.07486pt too wide) detected at line 493
[]  \OMS/lmsy/m/n/10.95 ([])  []\OML/lmm/m/it/10.95 :
 []


LaTeX Warning: Reference `sec:spec_double_point' on page 1 undefined on input l
ine 506.


pdfTeX warning (ext4): destination with the same identifier (name{theorem.5}) h
as been already used, duplicate ignored
<to be read again> 
                   \relax 
l.536 	[Radical ideals correspond to closed sets]
                                                  [826]

LaTeX Warning: Reference `ch:spec_examples' on page 1 undefined on input line 5
57.


pdfTeX warning (ext4): destination with the same identifier (name{problem.1}) h
as been already used, duplicate ignored
<to be read again> 
                   \relax 
l.563 	[{$\Spec \QQ[x]$}]
                         
pdfTeX warning (ext4): destination with the same identifier (name{problem.2}) h
as been already used, duplicate ignored
<to be read again> 
                   \relax 
l.571 	[Product rings]
                      

LaTeX Warning: Reference `prob:akizuki' on page 1 undefined on input line 583.

) [827]
\openout2 = `tex/alg-geom/spec-sheaf.aux'.

 (tex/alg-geom/spec-sheaf.tex [828





]
chapter 85.

LaTeX Warning: Reference `ch:spec_examples' on page 1 undefined on input line 2
6.

[829]
pdfTeX warning (ext4): destination with the same identifier (name{theorem.2}) h
as been already used, duplicate ignored
<to be read again> 
                   \relax 
l.106 	[Distinguished open sets form a base]
                                            
pdfTeX warning (ext4): destination with the same identifier (name{theorem.3}) h
as been already used, duplicate ignored
<to be read again> 
                   \relax 
l.122 ...f $D(f)$ are localizations away from $f$]
                                                  

LaTeX Warning: Reference `thm:reg_func_distinguish_open' on page 1 undefined on
 input line 128.

[830]

LaTeX Warning: Citation 'ref:vakil' on page 831 undefined on input line 179.

\openout4 = `asy/Napkin-85A.asy'.


Package asymptote Warning: file `asy/Napkin-85A.pdf' not found on input line 20
0.

[831]
pdfTeX warning (ext4): destination with the same identifier (name{theorem.1}) h
as been already used, duplicate ignored
<to be read again> 
                   \relax 
l.241 	[Stalks of $\Spec A$ are $A_\kp$]
                                        

LaTeX Warning: Reference `thm:stalks_affine_var' on page 1 undefined on input l
ine 250.

[832]

LaTeX Warning: Reference `sec:localize_prime_ideal' on page 1 undefined on inpu
t line 285.


pdfTeX warning (ext4): destination with the same identifier (name{theorem.1}) h
as been already used, duplicate ignored
<to be read again> 
                   \relax 
l.323 	[Stalks are local rings]
                                [833]

LaTeX Warning: Reference `thm:stalks_local_ring' on page 1 undefined on input l
ine 389.

[834]

LaTeX Warning: Reference `thm:localization_commute_quotient' on page 1 undefine
d on input line 460.


pdfTeX warning (ext4): destination with the same identifier (name{theorem.7}) h
as been already used, duplicate ignored
<to be read again> 
                   \relax 
l.463 	[The germ-to-value square]
                                 
Underfull \vbox (badness 10000) has occurred while \output is active []

 [835]
[836]
pdfTeX warning (ext4): destination with the same identifier (name{theorem.4}) h
as been already used, duplicate ignored
<to be read again> 
                   \relax 
l.558 	[Nilpotents are the only issue]
                                      

LaTeX Warning: Reference `ch:spec_examples' on page 1 undefined on input line 5
67.

File: media/chili.png Graphic file (type png)
<use media/chili.png>
Package pdftex.def Info: media/chili.png  used on input line 573.
(pdftex.def)             Requested size: 16.42499pt x 16.42361pt.

pdfTeX warning (ext4): destination with the same identifier (name{problem.2}) h
as been already used, duplicate ignored
<to be read again> 
                   \relax 
l.578 ...ed gyrotop, communicated by Aaron Pixton]
                                                  
pdfTeX warning (ext4): destination with the same identifier (name{problem.3}) h
as been already used, duplicate ignored
<to be read again> 
                   \relax 
l.609 	S
        how that a ring $R$ is a local ring
pdfTeX warning (ext4): destination with the same identifier (name{problem.4}) h
as been already used, duplicate ignored
<to be read again> 
                   \relax 
l.616 	L
        et $R$ be a local ring, and $\km$ be its maximal ideal.
pdfTeX warning (ext4): destination with the same identifier (name{problem.5}) h
as been already used, duplicate ignored
<to be read again> 
                   \relax 
l.624 	L
        et $A$ be a ring, and $\km$ a maximal ideal.) [837]
\openout2 = `tex/alg-geom/spec-examples.aux'.


(tex/alg-geom/spec-examples.tex [838





]
chapter 86.

Package hyperref Warning: Token not allowed in a PDF string (Unicode):
(hyperref)                removing `math shift' on input line 40.


Package hyperref Warning: Token not allowed in a PDF string (Unicode):
(hyperref)                removing `math shift' on input line 40.


Package hyperref Warning: Token not allowed in a PDF string (Unicode):
(hyperref)                removing `math shift' on input line 55.


Package hyperref Warning: Token not allowed in a PDF string (Unicode):
(hyperref)                removing `math shift' on input line 55.

[839]
\openout4 = `asy/Napkin-86A.asy'.



Package asymptote Warning: file `asy/Napkin-86A.pdf' not found on input line 84
.


Package hyperref Warning: Token not allowed in a PDF string (Unicode):
(hyperref)                removing `math shift' on input line 126.


Package hyperref Warning: Token not allowed in a PDF string (Unicode):
(hyperref)                removing `math shift' on input line 126.

\openout4 = `asy/Napkin-86B.asy'.


Package asymptote Warning: file `asy/Napkin-86B.pdf' not found on input line 16
5.

[840]

LaTeX Warning: Reference `prob:complex_variety_nonempty' on page 1 undefined on
 input line 177.


Package hyperref Warning: Token not allowed in a PDF string (Unicode):
(hyperref)                removing `math shift' on input line 197.


Package hyperref Warning: Token not allowed in a PDF string (Unicode):
(hyperref)                removing `math shift' on input line 197.


Package hyperref Warning: Token not allowed in a PDF string (Unicode):
(hyperref)                removing `math shift' on input line 205.


Package hyperref Warning: Token not allowed in a PDF string (Unicode):
(hyperref)                removing `math shift' on input line 205.

\openout4 = `asy/Napkin-86C.asy'.


Package asymptote Warning: file `asy/Napkin-86C.pdf' not found on input line 22
6.

[841]

Package hyperref Warning: Token not allowed in a PDF string (Unicode):
(hyperref)                removing `math shift' on input line 247.


Package hyperref Warning: Token not allowed in a PDF string (Unicode):
(hyperref)                removing `superscript' on input line 247.


Package hyperref Warning: Token not allowed in a PDF string (Unicode):
(hyperref)                removing `math shift' on input line 247.


LaTeX Warning: Reference `prop:prime_quotient' on page 1 undefined on input lin
e 253.

\openout4 = `asy/Napkin-86D.asy'.


Package asymptote Warning: file `asy/Napkin-86D.pdf' not found on input line 27
2.


Package hyperref Warning: Token not allowed in a PDF string (Unicode):
(hyperref)                removing `math shift' on input line 284.


Package hyperref Warning: Token not allowed in a PDF string (Unicode):
(hyperref)                removing `superscript' on input line 284.


Package hyperref Warning: Token not allowed in a PDF string (Unicode):
(hyperref)                removing `math shift' on input line 284.


Package hyperref Warning: Token not allowed in a PDF string (Unicode):
(hyperref)                removing `math shift' on input line 315.


Package hyperref Warning: Token not allowed in a PDF string (Unicode):
(hyperref)                removing `superscript' on input line 315.


Package hyperref Warning: Token not allowed in a PDF string (Unicode):
(hyperref)                removing `superscript' on input line 315.


Package hyperref Warning: Token not allowed in a PDF string (Unicode):
(hyperref)                removing `math shift' on input line 315.

[842]
\openout4 = `asy/Napkin-86E.asy'.



Package asymptote Warning: file `asy/Napkin-86E.pdf' not found on input line 32
9.


Package hyperref Warning: Token not allowed in a PDF string (Unicode):
(hyperref)                removing `math shift' on input line 336.


Package hyperref Warning: Token not allowed in a PDF string (Unicode):
(hyperref)                removing `math shift' on input line 336.


LaTeX Warning: Citation 'ref:vakil' on page 843 undefined on input line 342.


LaTeX Warning: Reference `prop:prime_quotient' on page 1 undefined on input lin
e 344.

\openout4 = `asy/Napkin-86F.asy'.


Package asymptote Warning: file `asy/Napkin-86F.pdf' not found on input line 35
9.


Package hyperref Warning: Token not allowed in a PDF string (Unicode):
(hyperref)                removing `math shift' on input line 383.


Package hyperref Warning: Token not allowed in a PDF string (Unicode):
(hyperref)                removing `math shift' on input line 383.

\openout4 = `asy/Napkin-86G.asy'.


Package asymptote Warning: file `asy/Napkin-86G.pdf' not found on input line 41
0.

[843]

Package hyperref Warning: Token not allowed in a PDF string (Unicode):
(hyperref)                removing `math shift' on input line 445.


Package hyperref Warning: Token not allowed in a PDF string (Unicode):
(hyperref)                removing `math shift' on input line 445.

<media/mumforddrawing.jpg, id=10719, 564.1075pt x 366.36874pt>
File: media/mumforddrawing.jpg Graphic file (type jpg)
<use media/mumforddrawing.jpg>
Package pdftex.def Info: media/mumforddrawing.jpg  used on input line 454.
(pdftex.def)             Requested size: 376.42744pt x 244.48187pt.

Underfull \vbox (badness 2653) has occurred while \output is active []

 [844]

Package hyperref Warning: Token not allowed in a PDF string (Unicode):
(hyperref)                removing `math shift' on input line 489.


Package hyperref Warning: Token not allowed in a PDF string (Unicode):
(hyperref)                removing `superscript' on input line 489.


Package hyperref Warning: Token not allowed in a PDF string (Unicode):
(hyperref)                removing `math shift' on input line 489.


LaTeX Warning: Reference `prop:prime_quotient' on page 1 undefined on input lin
e 491.

\openout4 = `asy/Napkin-86H.asy'.


Package asymptote Warning: file `asy/Napkin-86H.pdf' not found on input line 50
4.

[845 <./media/mumforddrawing.jpg>]

LaTeX Warning: Reference `thm:localization_commute_quotient' on page 1 undefine
d on input line 523.


Package hyperref Warning: Token not allowed in a PDF string (Unicode):
(hyperref)                removing `math shift' on input line 547.


Package hyperref Warning: Token not allowed in a PDF string (Unicode):
(hyperref)                removing `math shift' on input line 547.


Package hyperref Warning: Token not allowed in a PDF string (Unicode):
(hyperref)                removing `math shift' on input line 561.


Package hyperref Warning: Token not allowed in a PDF string (Unicode):
(hyperref)                removing `math shift' on input line 561.

\openout4 = `asy/Napkin-86I.asy'.


Package asymptote Warning: file `asy/Napkin-86I.pdf' not found on input line 57
9.

[846]
Underfull \hbox (badness 2990) in paragraph at lines 635--640
[][]\T1/lmss/bx/n/10.95 (+20) Remark 86.14.2 ---  [][]\T1/lmr/m/n/10.95 (+20) N
ote that $\OT1/lmr/m/n/10.95 (+20) (\OML/lmm/m/it/10.95 k\OT1/lmr/m/n/10.95 (+2
0) [\OML/lmm/m/it/10.95 x; y\OT1/lmr/m/n/10.95 (+20) ]\OML/lmm/m/it/10.95 =\OT1
/lmr/m/n/10.95 (+20) (\OML/lmm/m/it/10.95 xy\OT1/lmr/m/n/10.95 (+20) ))[]$ \T1/
lmr/m/n/10.95 (+20) is \T1/lmr/m/it/10.95 (+20) not \T1/lmr/m/n/10.95 (+20) the
 same as
 []

[847]

Package hyperref Warning: Token not allowed in a PDF string (Unicode):
(hyperref)                removing `math shift' on input line 717.


Package hyperref Warning: Token not allowed in a PDF string (Unicode):
(hyperref)                removing `superscript' on input line 717.


Package hyperref Warning: Token not allowed in a PDF string (Unicode):
(hyperref)                removing `math shift' on input line 717.

[848]
\openout4 = `asy/Napkin-86J.asy'.



Package asymptote Warning: file `asy/Napkin-86J.pdf' not found on input line 73
6.

\openout4 = `asy/Napkin-86K.asy'.


Package asymptote Warning: file `asy/Napkin-86K.pdf' not found on input line 77
0.


Package hyperref Warning: Token not allowed in a PDF string (Unicode):
(hyperref)                removing `math shift' on input line 774.


Package hyperref Warning: Token not allowed in a PDF string (Unicode):
(hyperref)                removing `subscript' on input line 774.


Package hyperref Warning: Token not allowed in a PDF string (Unicode):
(hyperref)                removing `math shift' on input line 774.

\openout4 = `asy/Napkin-86L.asy'.


Package asymptote Warning: file `asy/Napkin-86L.pdf' not found on input line 80
6.

[849]

Package hyperref Warning: Token not allowed in a PDF string (Unicode):
(hyperref)                removing `math shift' on input line 844.


Package hyperref Warning: Token not allowed in a PDF string (Unicode):
(hyperref)                removing `subscript' on input line 844.


Package hyperref Warning: Token not allowed in a PDF string (Unicode):
(hyperref)                removing `math shift' on input line 844.

\openout4 = `asy/Napkin-86M.asy'.


Package asymptote Warning: file `asy/Napkin-86M.pdf' not found on input line 87
6.


Package hyperref Warning: Token not allowed in a PDF string (Unicode):
(hyperref)                removing `math shift' on input line 879.


Package hyperref Warning: Token not allowed in a PDF string (Unicode):
(hyperref)                removing `subscript' on input line 879.


Package hyperref Warning: Token not allowed in a PDF string (Unicode):
(hyperref)                removing `math shift' on input line 879.


pdfTeX warning (ext4): destination with the same identifier (name{problem.1}) h
as been already used, duplicate ignored
<to be read again> 
                   \relax 
l.893 	D
        raw a picture of $\Spec \ZZ[1/55]$,
pdfTeX warning (ext4): destination with the same identifier (name{problem.2}) h
as been already used, duplicate ignored
<to be read again> 
                   \relax 
l.898 	D
        raw a picture of $\Spec \ZZ_{(5)}$,
pdfTeX warning (ext4): destination with the same identifier (name{problem.3}) h
as been already used, duplicate ignored
<to be read again> 
                   \relax 
l.903 	L
        et $A = (k[x,y]/(xy))[(x+y)\inv]$.
pdfTeX warning (ext4): destination with the same identifier (name{problem.4}) h
as been already used, duplicate ignored
<to be read again> 
                   \relax 
l.909 	L
        et $A = k[x,y]_{(y-x^2)}$.) [850]
\openout2 = `tex/alg-geom/mor-scheme.aux'.

 (tex/alg-geom/mor-scheme.tex
chapter 87.
\openout4 = `asy/Napkin-87A.asy'.


Package asymptote Warning: file `asy/Napkin-87A.pdf' not found on input line 49
.


LaTeX Warning: Reference `ex:spec_C_morphism' on page 1 undefined on input line
 58.

[851





]
\openout4 = `asy/Napkin-87B.asy'.



Package asymptote Warning: file `asy/Napkin-87B.pdf' not found on input line 13
6.

[852]

LaTeX Warning: Reference `prob:field_hom' on page 1 undefined on input line 206
.

[853] [854] [855]
Underfull \vbox (badness 6047) has occurred while \output is active []

 [856]
[857]
pdfTeX warning (ext4): destination with the same identifier (name{theorem.2}) h
as been already used, duplicate ignored
<to be read again> 
                   \relax 
l.516 	[$\Spec A \to \Spec B$ is just $B \to A$]
                                                

LaTeX Warning: Reference `prop:affine_reconstruction' on page 1 undefined on in
put line 524.


LaTeX Warning: Reference `prop:affine_reconstruction' on page 1 undefined on in
put line 530.


LaTeX Warning: Reference `prob:prime_preimage' on page 1 undefined on input lin
e 536.

[858]
LaTeX Font Info:    Font shape `T1/lmss/m/it' in size <10> not available
(Font)              Font shape `T1/lmss/m/sl' tried instead on input line 577.
 [859]

LaTeX Warning: Reference `subsec:distinguished_open_affine' on page 1 undefined
 on input line 650.


pdfTeX warning (ext4): destination with the same identifier (name{theorem.1}) h
as been already used, duplicate ignored
<to be read again> 
                   \relax 
l.652 ...en sets are isomorphic to affine schemes]
                                                  

LaTeX Warning: Reference `thm:distinguished_base' on page 1 undefined on input 
line 673.


LaTeX Warning: Reference `subsec:punctured_plane' on page 1 undefined on input 
line 683.


Underfull \vbox (badness 2197) has occurred while \output is active []

 [860]
\openout4 = `asy/Napkin-87C.asy'.



Package asymptote Warning: file `asy/Napkin-87C.pdf' not found on input line 73
9.


LaTeX Warning: Citation 'ref:gathmann' on page 861 undefined on input line 760.



LaTeX Warning: Citation 'ref:vakil' on page 861 undefined on input line 761.


LaTeX Warning: Reference `ch:refs' on page 1 undefined on input line 762.


pdfTeX warning (ext4): destination with the same identifier (name{problem.1}) h
as been already used, duplicate ignored
<to be read again> 
                   \relax 
l.766 	G
        iven an affine scheme $X = \Spec R$,
pdfTeX warning (ext4): destination with the same identifier (name{problem.2}) h
as been already used, duplicate ignored
<to be read again> 
                   \relax 
l.780 	I
        s the open subset of $\Spec \ZZ[x]$) [861] [862




]
part XXI.
Package scrkbase Info: You've told me to use the font selection of the element
(scrkbase)             `partprefix' that is an alias of element `partnumber'
(scrkbase)              on input line 213.
[863]
Package minitoc Info: I0006
(minitoc)             Napkin.ptc21 is empty on input line 216.
\openout2 = `tex/set-theory/zorn-lemma.aux'.

 (tex/set-theory/zorn-lemma.tex [864



]
chapter 88.
[865]

LaTeX Warning: Reference `ch:ordinal' on page 1 undefined on input line 85.

<media/500px-Omega-exp-omega-labeled.png, id=10928, 501.875pt x 617.30624pt>
File: media/500px-Omega-exp-omega-labeled.png Graphic file (type png)
<use media/500px-Omega-exp-omega-labeled.png>
Package pdftex.def Info: media/500px-Omega-exp-omega-labeled.png  used on input
 line 112.
(pdftex.def)             Requested size: 351.31009pt x 432.11142pt.
[866]

LaTeX Warning: Citation 'img:omega500' on page 867 undefined on input line 113.



pdfTeX warning (ext4): destination with the same identifier (name{theorem.1}) h
as been already used, duplicate ignored
<to be read again> 
                   \relax 
l.130 \begin{theorem}[Transfinite induction]
                                            
Underfull \vbox (badness 10000) has occurred while \output is active []

 [867 <./media/500px-Omega-exp-omega-labeled.png>] [868] [869]
pdfTeX warning (ext4): destination with the same identifier (name{theorem.1}) h
as been already used, duplicate ignored
<to be read again> 
                   \relax 
l.278 	[Zorn's lemma]
                     
<media/zornaholic.png, id=10955, 746.79pt x 378.41376pt>
File: media/zornaholic.png Graphic file (type png)
<use media/zornaholic.png>
Package pdftex.def Info: media/zornaholic.png  used on input line 306.
(pdftex.def)             Requested size: 373.39407pt x 189.2064pt.


LaTeX Warning: Citation 'img:zornaholic' on page 870 undefined on input line 30
7.


LaTeX Warning: Reference `thm:transfinite' on page 1 undefined on input line 31
6.

[870 <./media/zornaholic.png>]
pdfTeX warning (ext4): destination with the same identifier (name{problem.1}) h
as been already used, duplicate ignored
<to be read again> 
                   \relax 
l.321 	S
        uppose $f \colon (0,\infty) \to \RR$ satisfies
pdfTeX warning (ext4): destination with the same identifier (name{problem.2}) h
as been already used, duplicate ignored
<to be read again> 
                   \relax 
l.345 	S
        uppose $f \colon (0,\infty) \to \RR$ satisfies
pdfTeX warning (ext4): destination with the same identifier (name{problem.3}) h
as been already used, duplicate ignored
<to be read again> 
                   \relax 
l.406 	[Tukey's lemma]
                      ) [871]
\openout2 = `tex/set-theory/zfc.aux'.

 (tex/set-theory/zfc.tex [872





]
chapter 89.

LaTeX Warning: Citation 'ref:msci' on page 873 undefined on input line 3.


LaTeX Warning: Citation 'ref:msci' on page 873 undefined on input line 12.

[873] [874]

Package hyperref Warning: Token not allowed in a PDF string (Unicode):
(hyperref)                removing `math shift' on input line 169.


Package hyperref Warning: Token not allowed in a PDF string (Unicode):
(hyperref)                removing `math shift' on input line 169.

[875]

LaTeX Warning: Reference `lem:transitive_ZFC' on page 1 undefined on input line
 278.

[876] [877]
pdfTeX warning (ext4): destination with the same identifier (name{theorem.3}) h
as been already used, duplicate ignored
<to be read again> 
                   \relax 
l.368 	[Well-ordering theorem]
                               [878]
pdfTeX warning (ext4): destination with the same identifier (name{theorem.2}) h
as been already used, duplicate ignored
<to be read again> 
                   \relax 
l.402 \begin{theorem}[There is no set of all sets]
                                                  
pdfTeX warning (ext4): destination with the same identifier (name{problem.1}) h
as been already used, duplicate ignored
<to be read again> 
                   \relax 
l.423 	L
        et $A$ and $B$ be sets.
pdfTeX warning (ext4): destination with the same identifier (name{problem.2}) h
as been already used, duplicate ignored
<to be read again> 
                   \relax 
l.428 	S
        how that the class of all groups is a proper class.
pdfTeX warning (ext4): destination with the same identifier (name{problem.3}) h
as been already used, duplicate ignored
<to be read again> 
                   \relax 
l.433 	S
        how that the axiom of choice follows from the well-ordering theorem.
pdfTeX warning (ext4): destination with the same identifier (name{problem.5}) h
as been already used, duplicate ignored
<to be read again> 
                   \relax 
l.441 	[From Taiwan IMO training camp]
                                      ) [879]
\openout2 = `tex/set-theory/ordinal.aux'.

 (tex/set-theory/ordinal.tex
[880





]
chapter 90.
<media/three-apples.jpg, id=11067, 1927.2pt x 1276.77pt>
File: media/three-apples.jpg Graphic file (type jpg)
<use media/three-apples.jpg>
Package pdftex.def Info: media/three-apples.jpg  used on input line 12.
(pdftex.def)             Requested size: 214.72748pt x 142.26378pt.

LaTeX Warning: Citation 'img:apples' on page 881 undefined on input line 13.

<media/velociraptor.jpg, id=11068, 1284.8pt x 1927.2pt>
File: media/velociraptor.jpg Graphic file (type jpg)
<use media/velociraptor.jpg>
Package pdftex.def Info: media/velociraptor.jpg  used on input line 23.
(pdftex.def)             Requested size: 132.76129pt x 199.16928pt.

LaTeX Warning: Citation 'img:velociraptor' on page 881 undefined on input line 
24.

[881 <./media/three-apples.jpg> <./media/velociraptor.jpg>]
Underfull \vbox (badness 1867) has occurred while \output is active []

 [882]
File: media/500px-Omega-exp-omega-labeled.png Graphic file (type png)
<use media/500px-Omega-exp-omega-labeled.png>
Package pdftex.def Info: media/500px-Omega-exp-omega-labeled.png  used on input
 line 94.
(pdftex.def)             Requested size: 301.12732pt x 370.3866pt.

[883] [884]
pdfTeX warning (ext4): destination with the same identifier (name{theorem.10}) 
has been already used, duplicate ignored
<to be read again> 
                   \relax 
l.196 ...n{theorem}[Ordinals are strictly ordered]
                                                  
Overfull \hbox (1.37689pt too wide) in paragraph at lines 201--203
[]\T1/lmr/m/n/10.95 (-20) Surprisingly an-noy-ing, thus omit-ted. The key idea 
is that we can de-fine $[]\OT1/lmr/m/n/10.95 (-20) (\OML/lmm/m/it/10.95 ; ^^L\
OT1/lmr/m/n/10.95 (-20) ) =
 []


pdfTeX warning (ext4): destination with the same identifier (name{theorem.11}) 
has been already used, duplicate ignored
<to be read again> 
                   \relax 
l.204 ...orem}[Ordinals represent all order types]
                                                   [885]
pdfTeX warning (ext4): destination with the same identifier (name{theorem.1}) h
as been already used, duplicate ignored
<to be read again> 
                   \relax 
l.231 	[There is no set of all ordinals]
                                        
pdfTeX warning (ext4): destination with the same identifier (name{theorem.3}) h
as been already used, duplicate ignored
<to be read again> 
                   \relax 
l.245 	[Sets of ordinals are bounded]
                                     
pdfTeX warning (ext4): destination with the same identifier (name{theorem.1}) h
as been already used, duplicate ignored
<to be read again> 
                   \relax 
l.271 \begin{theorem}[Transfinite induction]
                                            
pdfTeX warning (ext4): destination with the same identifier (name{theorem.2}) h
as been already used, duplicate ignored
<to be read again> 
                   \relax 
l.280 	[Transfinite recursion]
                               [886] [887] [888] [889]
pdfTeX warning (ext4): destination with the same identifier (name{theorem.7}) h
as been already used, duplicate ignored
<to be read again> 
                   \relax 
l.462 ...m}[The von Neumann hierarchy is complete]
                                                  
\openout4 = `asy/Napkin-90A.asy'.



Package asymptote Warning: file `asy/Napkin-90A.pdf' not found on input line 51
1.


pdfTeX warning (ext4): destination with the same identifier (name{problem.1}) h
as been already used, duplicate ignored
<to be read again> 
                   \relax 
l.537 	P
        rove that $\rank(\alpha) = \alpha$ for any $\alpha$
pdfTeX warning (ext4): destination with the same identifier (name{problem.2}) h
as been already used, duplicate ignored
<to be read again> 
                   \relax 
l.542 	[Online Math Open]
                          [890]
pdfTeX warning (ext4): destination with the same identifier (name{problem.3}) h
as been already used, duplicate ignored
<to be read again> 
                   \relax 
l.547 	[Goodstein]
                  ) [891]
\openout2 = `tex/set-theory/cardinal.aux'.

 (tex/set-theory/cardinal.tex [892





]
chapter 91.
[893]

LaTeX Warning: Reference `lem:cantor_diag' on page 1 undefined on input line 10
1.

[894] [895]
pdfTeX warning (ext4): destination with the same identifier (name{theorem.5}) h
as been already used, duplicate ignored
<to be read again> 
                   \relax 
l.221 \begin{theorem}[Infinite cardinals squared]
                                                  [896]
pdfTeX warning (ext4): destination with the same identifier (name{theorem.6}) h
as been already used, duplicate ignored
<to be read again> 
                   \relax 
l.295 ...[Infinite cardinal arithmetic is trivial]
                                                   [897]
pdfTeX warning (ext4): destination with the same identifier (name{theorem.8}) h
as been already used, duplicate ignored
<to be read again> 
                   \relax 
l.411 	[Successor cardinals are regular]
                                         [898]
pdfTeX warning (ext4): destination with the same identifier (name{problem.1}) h
as been already used, duplicate ignored
<to be read again> 
                   \relax 
l.473 	C
        ompute $\left\lvert V_\omega \right\rvert$.
pdfTeX warning (ext4): destination with the same identifier (name{problem.2}) h
as been already used, duplicate ignored
<to be read again> 
                   \relax 
l.480 	P
        rove that for any limit ordinal $\alpha$, $\cof(\alpha)$ is a \emph{...
[899]
pdfTeX warning (ext4): destination with the same identifier (name{problem.4}) h
as been already used, duplicate ignored
<to be read again> 
                   \relax 
l.494 	[K\"onig's theorem]
                          ) [900]
part XXII.
Package scrkbase Info: You've told me to use the font selection of the element
(scrkbase)             `partprefix' that is an alias of element `partnumber'
(scrkbase)              on input line 221.
[901




]
Package minitoc Info: I0006
(minitoc)             Napkin.ptc22 is empty on input line 224.
\openout2 = `tex/set-theory/models.aux'.

 (tex/set-theory/models.tex [902



]
chapter 92.
[903] [904] [905]
LaTeX Font Info:    Trying to load font information for OT1+lmtt on input line 
193.

(C:\Users\Floris\AppData\Local\Programs\MiKTeX\tex/latex/lm\ot1lmtt.fd
File: ot1lmtt.fd 2015/05/01 v1.6.1 Font defs for Latin Modern
)
[906{C:/Users/Floris/AppData/Local/Programs/MiKTeX/fonts/enc/dvips/lm/lm-rmtt.e
nc}] [907]

Package hyperref Warning: Token not allowed in a PDF string (Unicode):
(hyperref)                removing `math shift' on input line 353.


Package hyperref Warning: Token not allowed in a PDF string (Unicode):
(hyperref)                removing `math shift' on input line 353.


Underfull \vbox (badness 10000) has occurred while \output is active []

 [908]

LaTeX Warning: Reference `lem:transitive_ZFC' on page 1 undefined on input line
 392.

[909]

LaTeX Warning: Reference `prob:inaccessible_model' on page 1 undefined on input
 line 454.


pdfTeX warning (ext4): destination with the same identifier (name{theorem.1}) h
as been already used, duplicate ignored
<to be read again> 
                   \relax 
l.467 \begin{theorem}[Countable transitive model]
                                                  [910]
pdfTeX warning (ext4): destination with the same identifier (name{theorem.3}) h
as been already used, duplicate ignored
<to be read again> 
                   \relax 
l.524 	[Downward L\"owenheim-Skolem theorem]
                                             [911]
\openout4 = `asy/Napkin-92A.asy'.



Package asymptote Warning: file `asy/Napkin-92A.pdf' not found on input line 62
9.

[912]
File: media/chili.png Graphic file (type png)
<use media/chili.png>
Package pdftex.def Info: media/chili.png  used on input line 680.
(pdftex.def)             Requested size: 16.42499pt x 16.42361pt.
File: media/chili.png Graphic file (type png)
<use media/chili.png>
Package pdftex.def Info: media/chili.png  used on input line 722.
(pdftex.def)             Requested size: 16.42499pt x 16.42361pt.
) [913]
\openout2 = `tex/set-theory/forcing.aux'.

 (tex/set-theory/forcing.tex [914





]
chapter 93.
\openout4 = `asy/Napkin-93A.asy'.


Package asymptote Warning: file `asy/Napkin-93A.pdf' not found on input line 62
.

\openout4 = `asy/Napkin-93B.asy'.


Package asymptote Warning: file `asy/Napkin-93B.pdf' not found on input line 13
9.

[915]

LaTeX Warning: Reference `lemma:splitting_poset_omit_generic' on page 1 undefin
ed on input line 181.

\openout4 = `asy/Napkin-93C.asy'.


Package asymptote Warning: file `asy/Napkin-93C.pdf' not found on input line 23
3.

[916]

LaTeX Warning: Reference `prob:rslemma' on page 1 undefined on input line 272.

[917] [918] [919] [920]
pdfTeX warning (ext4): destination with the same identifier (name{theorem.1}) h
as been already used, duplicate ignored
<to be read again> 
                   \relax 
l.507 	[Fundamental theorem of forcing]
                                        [921]
pdfTeX warning (ext4): destination with the same identifier (name{theorem.1}) h
as been already used, duplicate ignored
<to be read again> 
                   \relax 
l.635 ...}[The generic extension satisfies $\ZFC$]
                                                   [922]
pdfTeX warning (ext4): destination with the same identifier (name{problem.1}) h
as been already used, duplicate ignored
<to be read again> 
                   \relax 
l.693 	F
        or a filter $G$ and $M$ a transitive model of $\ZFC$,
pdfTeX warning (ext4): destination with the same identifier (name{problem.2}) h
as been already used, duplicate ignored
<to be read again> 
                   \relax 
l.697 \begin{problem}[Rasiowa-Sikorski lemma]
                                             ) [923]
\openout2 = `tex/set-theory/CH.aux'.

 (tex/set-theory/CH.tex
[924





]
chapter 94.
\openout4 = `asy/Napkin-94A.asy'.


Package asymptote Warning: file `asy/Napkin-94A.pdf' not found on input line 69
.

[925] [926]
pdfTeX warning (ext4): destination with the same identifier (name{theorem.3}) h
as been already used, duplicate ignored
<to be read again> 
                   \relax 
l.258 ...in conditions preserve regular cardinals]
                                                   [927]

LaTeX Warning: Reference `prob:chain' on page 1 undefined on input line 265.

[928]
pdfTeX warning (ext4): destination with the same identifier (name{problem.1}) h
as been already used, duplicate ignored
<to be read again> 
                   \relax 
l.324 	\label
             {prob:chain}) [929] [930




]
part XXIII.
Package scrkbase Info: You've told me to use the font selection of the element
(scrkbase)             `partprefix' that is an alias of element `partnumber'
(scrkbase)              on input line 228.
[931]
Package minitoc Info: I0006
(minitoc)             Napkin.ptc23 is empty on input line 230.
\openout2 = `tex/backmatter/references.aux'.

 (tex/backmatter/references.tex [932



]
chapter A.

LaTeX Warning: Reference `sec:basis_evil' on page 1 undefined on input line 8.


LaTeX Warning: Citation 'ref:axler' on page 933 undefined on input line 20.


LaTeX Warning: Citation 'ref:55a' on page 933 undefined on input line 23.


LaTeX Warning: Citation 'ref:manifolds' on page 933 undefined on input line 26.



LaTeX Warning: Citation 'ref:55b' on page 933 undefined on input line 27.


LaTeX Warning: Citation 'ref:pugh' on page 933 undefined on input line 33.


LaTeX Warning: Citation 'ref:gowers' on page 933 undefined on input line 51.

[933]

LaTeX Warning: Citation 'ref:pugh' on page 934 undefined on input line 73.


LaTeX Warning: Citation 'ref:gorin' on page 934 undefined on input line 79.


LaTeX Warning: Citation 'ref:lebesgue' on page 934 undefined on input line 86.


LaTeX Warning: Citation 'ref:dartmouth' on page 934 undefined on input line 97.



LaTeX Warning: Citation 'ref:msci' on page 934 undefined on input line 100.


LaTeX Warning: Citation 'ref:18-435' on page 934 undefined on input line 114.


LaTeX Warning: Citation 'ref:etingof' on page 934 undefined on input line 128.

[934]

LaTeX Warning: Citation 'ref:145a' on page 935 undefined on input line 135.


LaTeX Warning: Citation 'ref:miquel' on page 935 undefined on input line 139.


LaTeX Warning: Citation 'ref:munkres' on page 935 undefined on input line 144.


LaTeX Warning: Citation 'ref:hatcher' on page 935 undefined on input line 146.


LaTeX Warning: Citation 'ref:maxim752' on page 935 undefined on input line 148.



LaTeX Warning: Citation 'ref:oggier_NT' on page 935 undefined on input line 162
.


LaTeX Warning: Citation 'ref:lenstra_chebotarev' on page 935 undefined on input
 line 163.


LaTeX Warning: Citation 'ref:gathmann' on page 935 undefined on input line 176.



LaTeX Warning: Citation 'ref:vakil' on page 935 undefined on input line 177.

[935]

LaTeX Warning: Citation 'ref:vakil' on page 936 undefined on input line 197.


LaTeX Warning: Citation 'ref:miranda' on page 936 undefined on input line 223.


LaTeX Warning: Citation 'ref:analytic_NT' on page 936 undefined on input line 2
42.

) [936]
\openout2 = `tex/backmatter/hintsol.aux'.

 (tex/backmatter/hintsol.tex
chapter B.
(tex/backmatter/all-hints.out

LaTeX Warning: Reference `lem:group_mult_biject' on page 1 undefined on input l
ine 7.

[937





]

LaTeX Warning: Reference `thm:interval_compact' on page 1 undefined on input li
ne 210.

[938]

LaTeX Warning: Reference `prob:cantor_intersect' on page 1 undefined on input l
ine 225.


LaTeX Warning: Reference `prob:equal_dimension' on page 1 undefined on input li
ne 314.

[939]

LaTeX Warning: Reference `thm:linear_map_basis' on page 1 undefined on input li
ne 389.

[940]

LaTeX Warning: Reference `prob:endomorphism_eventual_lemma' on page 1 undefined
 on input line 489.


LaTeX Warning: Reference `prob:dten_irrep' on page 1 undefined on input line 51
4.

[941] [942]

LaTeX Warning: Reference `thm:god' on page 1 undefined on input line 708.


LaTeX Warning: Reference `exer:martingale' on page 1 undefined on input line 73
8.

[943] [944]

LaTeX Warning: Reference `thm:long_exact_rel' on page 1 undefined on input line
 997.


LaTeX Warning: Reference `thm:long_exact' on page 1 undefined on input line 101
7.

[945]

LaTeX Warning: Reference `thm:long_exact_rel' on page 1 undefined on input line
 1021.

[946]

LaTeX Warning: Reference `lem:transitive_ZFC' on page 1 undefined on input line
 1176.

) [947] [948


]
chapter C.
(tex/backmatter/all-solns.out

LaTeX Warning: Reference `subsec:cycle_notation' on page 1 undefined on input l
ine 18.


LaTeX Warning: Reference `ch:top_more' on page 1 undefined on input line 73.

[949] [950]
Overfull \hbox (7.52367pt too wide) in paragraph at lines 184--187
[]\T1/lmr/m/n/10.95 (-20) See [][]$\T1/lmtt/m/n/10.95 https : / / twitter . com
 / davidcpvm / status / 1481024944830046209$[][] \T1/lmr/m/n/10.95 (-20) for th
e Twit-
 []


LaTeX Warning: Reference `ex:dihedral_normal_subgroup' on page 1 undefined on i
nput line 201.

[951] [952] [953]

LaTeX Warning: Reference `prob:cantor_intersect' on page 1 undefined on input l
ine 485.

[954]

LaTeX Warning: Reference `thm:linear_map_basis' on page 1 undefined on input li
ne 565.

[955] [956]

LaTeX Warning: Reference `prob:equal_dimension' on page 1 undefined on input li
ne 682.

[957]
Overfull \hbox (19.5773pt too wide) detected at line 831
[]
 []

[958]
Overfull \hbox (27.64294pt too wide) detected at line 908
[]
 []

[959]

LaTeX Warning: Reference `thm:linear_map_basis' on page 1 undefined on input li
ne 953.

[960] [961]
Overfull \hbox (10.67848pt too wide) in paragraph at lines 1139--1147
[]\T1/lmr/m/n/10.95 (-20) By a straight-for-ward com-pu-ta-tion, we have $[] \O
T1/lmr/m/n/10.95 (-20) = \OMS/lmsy/m/n/10.95 ^^@[] []$\T1/lmr/m/n/10.95 (-20) .

 []

[962] [963]
Overfull \hbox (3.89206pt too wide) in paragraph at lines 1303--1306
[]\T1/lmr/m/n/10.95 (-20) See [][]$\T1/lmtt/m/n/10.95 https : / / mathoverflow 
. net / q / 81613$[][] \T1/lmr/m/n/10.95 (-20) and in par-tic-u-lar [][]$\T1/lm
tt/m/n/10.95 https : / / web . archive .
 []


Overfull \hbox (11.53085pt too wide) in paragraph at lines 1303--1306
\T1/lmtt/m/n/10.95 org / web / 20161009194815 / http : / / mathforum . org / kb
 / message . jspa ? messageID =
 []

[964] [965]
Overfull \hbox (2.57219pt too wide) in paragraph at lines 1462--1464
[]\T1/lmr/m/n/10.95 (-20) A sim-i-lar (but not iden-ti-cal) prob-lem is solved 
here: [][]$\T1/lmtt/m/n/10.95 https : / / aops . com / community /
 []

[966] [967] [968]

LaTeX Warning: Citation 'ref:maxim752' on page 969 undefined on input line 1708
.


LaTeX Warning: Reference `prob:krull_max_ideal' on page 1 undefined on input li
ne 1720.

[969] [970] [971]
Overfull \hbox (10.95598pt too wide) in paragraph at lines 1893--1895
\T1/lmtt/m/n/10.95 Cauchy % 27s _ functional _ equation # Properties _ of _ non
linear _ solutions _ over _
 []

[972]

LaTeX Warning: Reference `prob:strongly_inaccessible' on page 1 undefined on in
put line 1937.

)) [973]
\openout2 = `tex/backmatter/notation.aux'.

 (tex/backmatter/notation.tex [974





]
chapter D.
[975] [976] [977] [978] [979] [980] [981] [982]) [983]
\openout2 = `tex/backmatter/sets-functions.aux'.


(tex/backmatter/sets-functions.tex [984





]
chapter E.

LaTeX Warning: Reference `ch:zfc' on page 1 undefined on input line 7.

[985] [986] [987]) [988]

Package biblatex Warning: Type 'image' not found on input line 245.


LaTeX Warning: Empty bibliography on input line 245.


LaTeX Warning: Empty bibliography on input line 246.

Package minitoc Info: I0009
(minitoc)             Listing minitoc auxiliary files. 
(minitoc)             Creating the Napkin.maf file.
\openout7 = `Napkin.maf'.


Package minitoc(hints) Warning: W0046
(minitoc(hints))                You have attempted to insert 
(minitoc(hints))                empty parttocs.


Package minitoc(hints) Warning: W0024
(minitoc(hints))                Some hints have been written 
(minitoc(hints))                in the Napkin.log file.

(Napkin.aux (tex/frontmatter/title-embellishments.aux)
(tex/frontmatter/preface.aux) (tex/frontmatter/advice.aux)
(tex/frontmatter/salespitch.aux) (tex/H113/grp-intro.aux)
(tex/topology/metric-top.aux) (tex/H113/quotient.aux) (tex/H113/ring-intro.aux)
(tex/H113/ring-flavors.aux) (tex/topology/metric-prop.aux)
(tex/topology/top-more.aux) (tex/topology/compactness.aux)
(tex/linalg/vector-space.aux) (tex/linalg/eigenvalues.aux)
(tex/linalg/dual-trace.aux) (tex/linalg/dets.aux) (tex/linalg/inner-form.aux)
(tex/linalg/fourier.aux) (tex/linalg/transpose.aux) (tex/H113/action.aux)
(tex/H113/sylow.aux) (tex/H113/structure.aux) (tex/rep-theory/rep-alg.aux)
(tex/rep-theory/semisimple.aux) (tex/rep-theory/characters.aux)
(tex/rep-theory/applications.aux) (tex/quantum/vectors.aux)
(tex/quantum/circuits.aux) (tex/quantum/shor.aux) (tex/calculus/limits.aux)
(tex/calculus/p-adic.aux) (tex/calculus/differentiate.aux)
(tex/calculus/taylor.aux) (tex/calculus/integrate.aux)
(tex/complex-ana/holomorphic.aux) (tex/complex-ana/meromorphic.aux)
(tex/complex-ana/log.aux) (tex/complex-ana/quintic.aux)
(tex/measure/measure-space.aux) (tex/measure/caratheodory.aux)
(tex/measure/lebesgue-int.aux) (tex/measure/swapsum.aux)
(tex/measure/pontryagin.aux) (tex/measure/randvar.aux)
(tex/measure/large-laws.aux) (tex/measure/martingale.aux)
(tex/diffgeo/multivar.aux) (tex/diffgeo/forms.aux) (tex/diffgeo/stokes.aux)
(tex/diffgeo/manifolds.aux) (tex/riemann-surface/complex-structure.aux)
(tex/riemann-surface/morphism.aux) (tex/riemann-surface/affine-projective.aux)
(tex/riemann-surface/forms.aux) (tex/riemann-surface/riemann-roch.aux)
(tex/riemann-surface/line-bundles.aux) (tex/alg-NT/numfield.aux)
(tex/alg-NT/norm-trace.aux) (tex/alg-NT/dedekind.aux) (tex/alg-NT/classgrp.aux)
(tex/alg-NT/discriminant.aux) (tex/alg-NT/pell.aux) (tex/alg-NT/galois.aux)
(tex/alg-NT/finite-field.aux) (tex/alg-NT/ramification.aux)
(tex/alg-NT/frobenius.aux) (tex/alg-NT/artin.aux)
(tex/topology/constructions.aux) (tex/topology/fundamental-group.aux)
(tex/topology/cover-project.aux) (tex/cats/categories.aux)
(tex/cats/functors.aux) (tex/cats/limits.aux) (tex/cats/abelian.aux)
(tex/homology/singular.aux) (tex/homology/long-exact.aux)
(tex/homology/excision.aux) (tex/homology/cellular.aux)
(tex/homology/cohomology.aux) (tex/homology/cup-product.aux)
(tex/alg-geom/affine-var.aux) (tex/alg-geom/zariski.aux)
(tex/alg-geom/proj-var.aux) (tex/alg-geom/bezout.aux)
(tex/alg-geom/quasi-proj.aux) (tex/alg-geom/sheaves.aux)
(tex/alg-geom/localization.aux) (tex/alg-geom/spec-zariski.aux)
(tex/alg-geom/spec-sheaf.aux) (tex/alg-geom/spec-examples.aux)
(tex/alg-geom/mor-scheme.aux) (tex/set-theory/zorn-lemma.aux)
(tex/set-theory/zfc.aux) (tex/set-theory/ordinal.aux)
(tex/set-theory/cardinal.aux) (tex/set-theory/models.aux)
(tex/set-theory/forcing.aux) (tex/set-theory/CH.aux)
(tex/backmatter/references.aux) (tex/backmatter/hintsol.aux)
(tex/backmatter/notation.aux) (tex/backmatter/sets-functions.aux))
 ***********
LaTeX2e <2025-11-01>
L3 programming layer <2020/03/25>
 ***********


LaTeX Warning: There were undefined references.


LaTeX Warning: Label(s) may have changed. Rerun to get cross-references right.


Package biblatex Warning: Please (re)run Biber on the file:
(biblatex)                Napkin
(biblatex)                and rerun LaTeX afterwards.

Package logreq Info: Writing requests to 'Napkin.run.xml'.
\openout1 = `Napkin.run.xml'.

 ) 
Here is how much of TeX's memory you used:
 80834 strings out of 467691
 1770730 string characters out of 5414503
 2235799 words of memory out of 5000000
 99800 multiletter control sequences out of 15000+600000
 922187 words of font info for 757 fonts, out of 8000000 for 9000
 1141 hyphenation exceptions out of 8191
 130i,24n,124p,11291b,1835s stack positions out of 10000i,1000n,20000p,200000b,200000s
 <C:\Users\Floris\AppData\Local\MiKTeX\fonts/pk/ljfour/public/wasy/dpi1493\wa
sy10.pk><C:/Users/Floris/AppData/Local/Programs/MiKTeX/fonts/type1/public/amsfo
nts/euler/eufm10.pfb><C:/Users/Floris/AppData/Local/Programs/MiKTeX/fonts/type1
/public/amsfonts/euler/eufm7.pfb><C:/Users/Floris/AppData/Local/Programs/MiKTeX
/fonts/type1/public/lm/lmbx10.pfb><C:/Users/Floris/AppData/Local/Programs/MiKTe
X/fonts/type1/public/lm/lmbx12.pfb><C:/Users/Floris/AppData/Local/Programs/MiKT
eX/fonts/type1/public/lm/lmbx6.pfb><C:/Users/Floris/AppData/Local/Programs/MiKT
eX/fonts/type1/public/lm/lmbx8.pfb><C:/Users/Floris/AppData/Local/Programs/MiKT
eX/fonts/type1/public/lm/lmbx9.pfb><C:/Users/Floris/AppData/Local/Programs/MiKT
eX/fonts/type1/public/lm/lmbxi10.pfb><C:/Users/Floris/AppData/Local/Programs/Mi
KTeX/fonts/type1/public/lm/lmcsc10.pfb><C:/Users/Floris/AppData/Local/Programs/
MiKTeX/fonts/type1/public/lm/lmex10.pfb><C:/Users/Floris/AppData/Local/Programs
/MiKTeX/fonts/type1/public/lm/lmmi10.pfb><C:/Users/Floris/AppData/Local/Program
s/MiKTeX/fonts/type1/public/lm/lmmi12.pfb><C:/Users/Floris/AppData/Local/Progra
ms/MiKTeX/fonts/type1/public/lm/lmmi5.pfb><C:/Users/Floris/AppData/Local/Progra
ms/MiKTeX/fonts/type1/public/lm/lmmi6.pfb><C:/Users/Floris/AppData/Local/Progra
ms/MiKTeX/fonts/type1/public/lm/lmmi7.pfb><C:/Users/Floris/AppData/Local/Progra
ms/MiKTeX/fonts/type1/public/lm/lmmi8.pfb><C:/Users/Floris/AppData/Local/Progra
ms/MiKTeX/fonts/type1/public/lm/lmmi9.pfb><C:/Users/Floris/AppData/Local/Progra
ms/MiKTeX/fonts/type1/public/lm/lmr10.pfb><C:/Users/Floris/AppData/Local/Progra
ms/MiKTeX/fonts/type1/public/lm/lmr12.pfb><C:/Users/Floris/AppData/Local/Progra
ms/MiKTeX/fonts/type1/public/lm/lmr5.pfb><C:/Users/Floris/AppData/Local/Program
s/MiKTeX/fonts/type1/public/lm/lmr6.pfb><C:/Users/Floris/AppData/Local/Programs
/MiKTeX/fonts/type1/public/lm/lmr7.pfb><C:/Users/Floris/AppData/Local/Programs/
MiKTeX/fonts/type1/public/lm/lmr8.pfb><C:/Users/Floris/AppData/Local/Programs/M
iKTeX/fonts/type1/public/lm/lmr9.pfb><C:/Users/Floris/AppData/Local/Programs/Mi
KTeX/fonts/type1/public/lm/lmri10.pfb><C:/Users/Floris/AppData/Local/Programs/M
iKTeX/fonts/type1/public/lm/lmri12.pfb><C:/Users/Floris/AppData/Local/Programs/
MiKTeX/fonts/type1/public/lm/lmri7.pfb><C:/Users/Floris/AppData/Local/Programs/
MiKTeX/fonts/type1/public/lm/lmri8.pfb><C:/Users/Floris/AppData/Local/Programs/
MiKTeX/fonts/type1/public/lm/lmri9.pfb><C:/Users/Floris/AppData/Local/Programs/
MiKTeX/fonts/type1/public/lm/lmss10.pfb><C:/Users/Floris/AppData/Local/Programs
/MiKTeX/fonts/type1/public/lm/lmss12.pfb><C:/Users/Floris/AppData/Local/Program
s/MiKTeX/fonts/type1/public/lm/lmss8.pfb><C:/Users/Floris/AppData/Local/Program
s/MiKTeX/fonts/type1/public/lm/lmss9.pfb><C:/Users/Floris/AppData/Local/Program
s/MiKTeX/fonts/type1/public/lm/lmssbx10.pfb><C:/Users/Floris/AppData/Local/Prog
rams/MiKTeX/fonts/type1/public/lm/lmsso10.pfb><C:/Users/Floris/AppData/Local/Pr
ograms/MiKTeX/fonts/type1/public/lm/lmsy10.pfb><C:/Users/Floris/AppData/Local/P
rograms/MiKTeX/fonts/type1/public/lm/lmsy5.pfb><C:/Users/Floris/AppData/Local/P
rograms/MiKTeX/fonts/type1/public/lm/lmsy6.pfb><C:/Users/Floris/AppData/Local/P
rograms/MiKTeX/fonts/type1/public/lm/lmsy7.pfb><C:/Users/Floris/AppData/Local/P
rograms/MiKTeX/fonts/type1/public/lm/lmsy8.pfb><C:/Users/Floris/AppData/Local/P
rograms/MiKTeX/fonts/type1/public/lm/lmsy9.pfb><C:/Users/Floris/AppData/Local/P
rograms/MiKTeX/fonts/type1/public/lm/lmtk10.pfb><C:/Users/Floris/AppData/Local/
Programs/MiKTeX/fonts/type1/public/lm/lmtt10.pfb><C:/Users/Floris/AppData/Local
/Programs/MiKTeX/fonts/type1/public/lm/lmtt9.pfb><C:/Users/Floris/AppData/Local
/Programs/MiKTeX/fonts/type1/public/amsfonts/symbols/msam10.pfb><C:/Users/Flori
s/AppData/Local/Programs/MiKTeX/fonts/type1/public/amsfonts/symbols/msbm10.pfb>
<C:/Users/Floris/AppData/Local/Programs/MiKTeX/fonts/type1/public/amsfonts/symb
ols/msbm7.pfb><C:/Users/Floris/AppData/Local/Programs/MiKTeX/fonts/type1/public
/rsfs/rsfs10.pfb><C:/Users/Floris/AppData/Local/Programs/MiKTeX/fonts/type1/pub
lic/hoekwater/stmary10.pfb><C:/Users/Floris/AppData/Local/Programs/MiKTeX/fonts
/type1/public/xypic/xyatip10.pfb><C:/Users/Floris/AppData/Local/Programs/MiKTeX
/fonts/type1/public/xypic/xybtip10.pfb><C:/Users/Floris/AppData/Local/Programs/
MiKTeX/fonts/type1/public/xypic/xycmat10.pfb><C:/Users/Floris/AppData/Local/Pro
grams/MiKTeX/fonts/type1/public/xypic/xycmbt10.pfb>
Output written on Napkin.pdf (988 pages, 9621088 bytes).
PDF statistics:
 16152 PDF objects out of 18468 (max. 8388607)
 7395 named destinations out of 7423 (max. 500000)
 164119 words of extra memory for PDF output out of 184870 (max. 10000000)

